Age,TypeofContact,CityTier,DurationOfPitch,Occupation,Gender,NumberOfPersonVisiting,NumberOfFollowups,ProductPitched,PreferredPropertyStar,MaritalStatus,NumberOfTrips,Passport,PitchSatisfactionScore,OwnCar,NumberOfChildrenVisiting,Designation,MonthlyIncome,PitchEfficiency
34.0,0,1,9.0,2,1,2,4.0,0,3.0,1,4.0,0,1,0,0.0,1,17979.0,9.0
32.0,1,1,6.0,2,1,3,3.0,1,4.0,0,2.0,0,3,0,0.0,2,21220.0,18.0
30.0,1,3,11.0,2,0,2,3.0,3,3.0,0,3.0,0,4,1,1.0,3,24419.0,44.0
39.0,1,3,9.0,3,1,3,4.0,3,4.0,3,2.0,0,4,1,2.0,3,26029.0,36.0
37.0,0,1,31.0,2,0,3,4.0,1,4.0,1,2.0,0,3,1,2.0,2,24352.0,93.0
34.0,1,1,9.0,2,1,3,4.0,0,3.0,2,2.0,0,3,0,2.0,1,21178.0,27.0
27.0,0,1,7.0,2,0,4,6.0,0,3.0,1,5.0,0,4,1,3.0,1,23042.0,28.0
30.0,1,3,6.0,2,1,3,4.0,1,5.0,1,2.0,0,4,1,1.0,2,24714.0,24.0
53.0,0,1,32.0,3,0,3,5.0,4,3.0,1,5.0,0,5,0,2.0,0,32504.0,160.0
55.0,0,1,7.0,2,0,3,4.0,3,3.0,1,2.0,0,5,1,2.0,3,29180.0,35.0
46.0,0,1,6.0,3,1,2,4.0,3,5.0,0,3.0,1,2,1,1.0,3,25673.0,12.0
39.0,0,1,19.0,2,1,2,5.0,1,5.0,1,4.0,0,5,1,1.0,2,24966.0,95.0
54.0,0,2,32.0,2,0,1,2.0,4,3.0,2,3.0,1,3,1,0.0,0,32328.0,96.0
42.0,1,1,19.0,3,1,3,1.0,1,5.0,1,6.0,0,4,1,0.0,2,20538.0,76.0
33.0,1,1,12.0,2,0,3,2.0,0,3.0,1,5.0,0,5,1,2.0,1,21990.0,60.0
35.0,1,1,6.0,3,1,1,4.0,0,3.0,2,2.0,0,4,1,0.0,1,17859.0,24.0
39.0,1,1,16.0,3,1,3,3.0,3,3.0,3,1.0,0,3,1,0.0,3,28464.0,48.0
29.0,1,1,17.0,2,0,3,4.0,1,3.0,3,5.0,0,4,1,2.0,2,22338.0,68.0
23.0,0,1,11.0,1,1,3,5.0,0,3.0,3,7.0,0,5,1,1.0,1,22572.0,55.0
37.0,0,1,15.0,3,1,2,3.0,0,3.0,0,2.0,1,2,0,0.0,1,17326.0,30.0
33.0,1,1,10.0,3,0,4,4.0,1,5.0,1,3.0,0,1,1,1.0,2,25403.0,10.0
33.0,1,1,7.0,2,1,4,4.0,0,5.0,3,3.0,0,1,0,2.0,1,21634.0,7.0
50.0,0,1,25.0,2,1,4,4.0,1,3.0,1,3.0,1,1,0,1.0,2,25482.0,25.0
42.0,1,1,6.0,2,0,2,4.0,1,3.0,1,1.0,1,3,0,0.0,2,21062.0,18.0
43.0,0,1,33.0,3,0,3,4.0,3,5.0,1,5.0,1,3,0,1.0,3,31869.0,99.0
36.0,0,1,15.0,2,1,3,1.0,0,4.0,1,2.0,0,5,1,0.0,1,17810.0,75.0
27.0,1,3,8.0,3,0,2,1.0,1,3.0,3,1.0,0,1,0,1.0,2,21500.0,8.0
29.0,1,3,16.0,2,1,4,4.0,1,3.0,3,3.0,0,3,1,2.0,2,23931.0,48.0
34.0,1,1,12.0,2,0,4,5.0,0,3.0,0,3.0,0,2,0,3.0,1,21589.0,24.0
41.0,1,3,21.0,2,0,3,4.0,1,5.0,1,3.0,0,3,0,2.0,2,23317.0,63.0
32.0,1,3,20.0,3,1,4,5.0,1,5.0,1,7.0,1,1,1,1.0,2,20980.0,20.0
50.0,0,2,9.0,3,1,3,3.0,2,4.0,1,2.0,0,1,1,2.0,4,33200.0,9.0
24.0,0,3,30.0,3,1,2,3.0,0,3.0,1,1.0,0,4,1,1.0,1,17400.0,120.0
43.0,1,1,7.0,2,0,3,5.0,1,3.0,1,2.0,1,3,0,1.0,2,24740.0,21.0
39.0,1,1,16.0,3,1,3,3.0,1,5.0,1,3.0,0,5,1,2.0,2,20377.0,80.0
55.0,1,1,6.0,3,1,2,3.0,2,5.0,2,1.0,1,1,1,1.0,4,34045.0,6.0
33.0,0,1,10.0,2,0,3,4.0,0,3.0,3,3.0,0,4,1,1.0,1,24887.0,40.0
34.0,1,3,23.0,2,0,4,4.0,3,5.0,3,4.0,1,5,0,1.0,3,27242.0,115.0
25.0,1,1,25.0,2,1,3,4.0,0,3.0,1,2.0,0,4,0,1.0,1,21452.0,100.0
30.0,1,1,24.0,2,0,3,3.0,0,3.0,2,2.0,0,1,1,2.0,1,17632.0,24.0
32.0,0,3,12.0,3,0,3,4.0,0,4.0,1,3.0,0,3,0,1.0,1,21467.0,36.0
34.0,0,1,12.0,2,0,4,4.0,3,4.0,0,8.0,0,3,1,3.0,3,30556.0,36.0
50.0,1,1,30.0,2,1,3,3.0,4,3.0,1,4.0,1,4,1,2.0,0,28973.0,120.0
33.0,1,1,6.0,2,1,3,4.0,0,5.0,2,4.0,1,4,0,0.0,1,17799.0,24.0
36.0,0,3,18.0,3,1,3,4.0,1,3.0,1,3.0,0,5,0,1.0,2,23646.0,90.0
50.0,0,1,25.0,2,1,4,4.0,1,3.0,1,3.0,1,2,0,2.0,2,25482.0,50.0
49.0,0,3,14.0,3,0,4,4.0,0,3.0,1,4.0,1,4,1,2.0,1,21333.0,56.0
37.0,0,3,14.0,3,0,3,2.0,1,5.0,0,4.0,0,1,1,1.0,2,23317.0,14.0
30.0,1,1,24.0,2,0,3,3.0,0,3.0,2,2.0,0,2,1,0.0,1,17632.0,48.0
23.0,1,1,7.0,2,1,4,4.0,0,3.0,3,2.0,0,3,0,3.0,1,22053.0,21.0
34.0,1,1,33.0,3,0,3,3.0,0,4.0,2,3.0,0,3,0,0.0,1,17311.0,99.0
52.0,1,3,28.0,3,1,4,4.0,1,3.0,3,2.0,1,5,0,3.0,2,24119.0,140.0
27.0,0,3,36.0,3,1,4,6.0,1,5.0,3,2.0,0,3,0,1.0,2,23647.0,108.0
40.0,0,3,30.0,2,0,3,1.0,4,4.0,3,5.0,1,3,1,2.0,0,28194.0,90.0
44.0,1,1,8.0,2,0,3,1.0,0,3.0,0,2.0,0,4,1,0.0,1,17011.0,32.0
27.0,0,1,9.0,2,1,3,4.0,0,5.0,1,8.0,1,5,0,1.0,1,20720.0,45.0
42.0,0,1,12.0,2,1,4,5.0,0,5.0,1,8.0,0,3,1,1.0,1,20785.0,36.0
28.0,1,3,9.0,3,1,3,4.0,0,5.0,1,2.0,0,5,0,2.0,1,21719.0,45.0
59.0,1,1,12.0,1,0,3,5.0,3,4.0,1,4.0,1,5,1,2.0,3,29230.0,60.0
40.0,1,3,28.0,2,1,3,5.0,1,3.0,0,5.0,1,1,0,2.0,2,24798.0,28.0
29.0,0,2,7.0,2,1,3,4.0,0,3.0,1,3.0,0,4,0,2.0,1,21384.0,28.0
35.0,1,1,15.0,2,0,3,4.0,1,5.0,1,5.0,0,5,1,1.0,2,23799.0,75.0
34.0,1,2,15.0,1,0,2,3.0,0,3.0,0,2.0,0,1,1,0.0,1,17742.0,15.0
36.0,1,1,10.0,2,1,2,4.0,1,3.0,2,2.0,0,5,1,1.0,2,20810.0,50.0
41.0,0,1,16.0,2,1,3,4.0,4,5.0,1,5.0,0,2,1,0.0,0,32181.0,32.0
46.0,0,1,6.0,3,1,2,4.0,3,5.0,1,3.0,1,1,1,1.0,3,25673.0,6.0
27.0,1,3,36.0,3,1,3,4.0,1,3.0,1,7.0,0,5,1,1.0,2,22984.0,180.0
32.0,0,3,27.0,2,1,4,2.0,0,3.0,1,2.0,0,5,1,1.0,1,21469.0,135.0
38.0,1,1,26.0,2,1,4,4.0,0,4.0,1,6.0,0,4,0,2.0,1,21700.0,104.0
34.0,0,3,29.0,3,1,4,4.0,1,4.0,1,2.0,0,1,0,1.0,2,24824.0,29.0
51.0,1,2,11.0,2,1,2,3.0,4,4.0,1,2.0,1,3,1,1.0,0,29026.0,33.0
40.0,1,1,8.0,3,0,2,4.0,0,3.0,2,1.0,1,3,1,1.0,1,17342.0,24.0
49.0,1,1,13.0,2,1,2,4.0,3,3.0,3,1.0,0,1,1,0.0,3,25965.0,13.0
48.0,1,1,16.0,2,0,4,4.0,0,3.0,2,6.0,0,3,1,1.0,1,20783.0,48.0
29.0,1,3,26.0,3,1,2,3.0,1,3.0,1,3.0,0,1,1,0.0,2,21931.0,26.0
25.0,0,3,31.0,3,1,3,4.0,0,3.0,1,2.0,0,4,1,2.0,1,21078.0,124.0
35.0,1,3,23.0,2,1,3,3.0,1,5.0,1,4.0,1,3,0,2.0,2,23966.0,69.0
30.0,1,3,17.0,3,0,3,5.0,1,4.0,1,3.0,1,5,1,1.0,2,26946.0,85.0
35.0,1,1,29.0,2,1,2,4.0,1,3.0,1,4.0,1,4,1,0.0,2,20916.0,116.0
36.0,1,1,8.0,2,0,3,3.0,0,3.0,1,5.0,0,5,1,0.0,1,17543.0,40.0
50.0,1,3,5.0,3,1,2,3.0,2,3.0,1,5.0,1,5,0,1.0,4,34331.0,25.0
44.0,1,3,32.0,3,1,4,5.0,3,3.0,1,7.0,0,4,1,2.0,3,29476.0,128.0
38.0,1,3,8.0,3,1,2,3.0,3,4.0,3,1.0,0,4,1,0.0,3,22351.0,32.0
37.0,1,1,14.0,2,1,4,4.0,0,4.0,2,4.0,0,1,0,3.0,1,20691.0,14.0
32.0,1,2,9.0,2,1,4,5.0,1,5.0,0,5.0,0,3,0,2.0,2,25088.0,27.0
42.0,0,3,17.0,2,1,3,4.0,1,3.0,3,2.0,0,2,0,2.0,2,24908.0,34.0
50.0,1,1,34.0,3,1,3,2.0,0,3.0,0,2.0,1,2,1,2.0,1,18221.0,68.0
25.0,0,1,14.0,2,0,3,4.0,0,3.0,1,3.0,1,4,0,1.0,1,21564.0,56.0
19.0,1,1,15.0,2,1,2,3.0,0,5.0,2,2.0,0,3,0,0.0,1,17552.0,45.0
41.0,1,3,17.0,3,1,4,5.0,3,4.0,1,4.0,0,4,0,1.0,3,28383.0,68.0
47.0,0,1,25.0,3,0,3,4.0,3,3.0,0,7.0,0,3,1,1.0,3,29205.0,75.0
32.0,0,3,27.0,3,0,3,4.0,1,3.0,0,3.0,0,2,1,1.0,2,25610.0,54.0
44.0,1,3,34.0,3,0,2,1.0,4,3.0,0,4.0,1,2,1,1.0,0,28320.0,68.0
51.0,1,3,15.0,3,1,3,4.0,0,4.0,0,2.0,0,2,1,1.0,1,22553.0,30.0
37.0,1,1,7.0,2,0,2,4.0,1,3.0,1,2.0,0,1,0,0.0,2,21474.0,7.0
36.0,1,1,7.0,3,1,4,5.0,0,5.0,2,3.0,0,1,0,3.0,1,21128.0,7.0
30.0,1,1,15.0,2,1,4,6.0,0,5.0,0,3.0,1,3,1,2.0,1,20797.0,45.0
43.0,1,3,21.0,3,0,4,5.0,1,3.0,3,2.0,0,3,1,1.0,2,24922.0,63.0
28.0,1,3,9.0,2,1,4,4.0,1,3.0,3,3.0,1,4,0,2.0,2,23156.0,36.0
33.0,1,1,9.0,1,1,3,5.0,1,5.0,2,6.0,0,4,0,2.0,2,20854.0,36.0
35.0,1,1,28.0,2,0,3,2.0,3,4.0,1,1.0,0,5,1,1.0,3,26996.0,140.0
43.0,0,3,32.0,2,1,3,3.0,4,3.0,1,2.0,1,1,1,0.0,0,31959.0,32.0
26.0,1,1,11.0,1,1,3,4.0,0,3.0,0,3.0,1,3,1,1.0,1,22369.0,33.0
30.0,0,1,9.0,3,1,3,5.0,0,5.0,3,2.0,0,4,1,2.0,1,22017.0,36.0
29.0,1,3,20.0,3,0,3,4.0,1,3.0,3,5.0,1,5,1,2.0,2,28532.0,100.0
37.0,0,3,7.0,3,0,3,4.0,1,3.0,3,6.0,0,2,1,2.0,2,25331.0,14.0
47.0,0,1,7.0,3,1,3,5.0,3,5.0,1,4.0,1,1,1,2.0,3,29351.0,7.0
52.0,1,1,10.0,3,0,4,4.0,4,4.0,2,5.0,0,5,0,2.0,0,32412.0,50.0
34.0,1,1,9.0,2,1,3,4.0,0,3.0,2,2.0,0,3,1,1.0,1,21178.0,27.0
33.0,0,3,16.0,3,1,3,6.0,1,3.0,1,2.0,0,1,0,2.0,2,23346.0,16.0
52.0,1,3,17.0,2,0,4,4.0,3,4.0,1,7.0,0,1,1,3.0,3,31820.0,17.0
35.0,0,1,6.0,3,1,3,3.0,0,5.0,0,5.0,0,2,0,1.0,1,17194.0,12.0
26.0,1,1,29.0,2,0,2,3.0,0,3.0,1,2.0,0,3,0,0.0,1,17886.0,87.0
53.0,1,1,15.0,3,1,3,5.0,1,4.0,0,4.0,0,2,1,2.0,2,23619.0,30.0
47.0,0,1,25.0,3,0,3,4.0,3,3.0,1,7.0,0,3,0,2.0,3,29205.0,75.0
28.0,1,1,18.0,2,1,4,4.0,0,5.0,0,2.0,0,5,1,3.0,1,20777.0,90.0
33.0,1,3,16.0,3,1,2,3.0,1,3.0,2,2.0,0,1,0,0.0,2,20487.0,16.0
31.0,0,3,26.0,3,0,2,3.0,1,3.0,1,2.0,0,1,1,1.0,2,21932.0,26.0
39.0,0,1,16.0,2,1,4,4.0,1,5.0,1,6.0,0,3,0,3.0,2,25571.0,48.0
47.0,1,3,7.0,3,0,4,4.0,3,5.0,1,3.0,0,2,1,2.0,3,29131.0,14.0
34.0,1,1,6.0,2,1,2,3.0,0,3.0,1,2.0,0,3,1,1.0,1,17691.0,18.0
28.0,1,1,18.0,2,0,3,3.0,0,3.0,0,2.0,1,4,1,0.0,1,17515.0,72.0
33.0,1,1,7.0,2,1,4,4.0,1,4.0,0,3.0,0,3,0,1.0,2,24898.0,21.0
39.0,1,3,14.0,3,0,3,3.0,1,5.0,1,3.0,1,3,0,1.0,2,24283.0,42.0
31.0,0,1,6.0,2,0,3,1.0,3,4.0,3,2.0,0,3,1,2.0,3,22446.0,18.0
30.0,1,1,16.0,2,1,2,5.0,0,3.0,3,2.0,0,2,1,1.0,1,22661.0,32.0
45.0,0,1,13.0,2,1,3,3.0,3,5.0,1,2.0,0,2,1,2.0,3,20210.0,26.0
32.0,1,1,7.0,2,1,4,5.0,0,5.0,0,3.0,0,4,0,1.0,1,20896.0,28.0
42.0,1,1,8.0,3,0,2,4.0,0,5.0,1,1.0,1,4,1,1.0,1,17593.0,32.0
52.0,1,1,11.0,2,1,3,4.0,0,3.0,1,2.0,1,1,0,1.0,1,21139.0,11.0
34.0,1,1,6.0,2,0,3,1.0,0,3.0,2,3.0,0,1,1,1.0,1,18280.0,6.0
35.0,1,1,12.0,3,0,3,5.0,3,5.0,2,4.0,0,2,0,1.0,3,30309.0,24.0
52.0,1,1,12.0,1,1,3,3.0,1,5.0,1,4.0,1,4,1,2.0,2,20577.0,48.0
45.0,0,1,9.0,3,1,3,4.0,3,3.0,2,7.0,1,1,0,2.0,3,28887.0,9.0
28.0,0,1,10.0,3,1,4,5.0,0,3.0,1,3.0,1,1,0,3.0,1,21244.0,10.0
42.0,0,1,25.0,3,1,2,2.0,0,3.0,1,7.0,1,3,1,1.0,1,17759.0,75.0
59.0,0,1,9.0,2,1,3,5.0,0,3.0,1,2.0,1,1,1,1.0,1,21058.0,9.0
37.0,1,1,13.0,2,1,3,4.0,0,3.0,1,2.0,0,5,1,2.0,1,21888.0,65.0
47.0,1,1,15.0,2,0,4,5.0,1,5.0,1,2.0,1,1,1,3.0,2,23293.0,15.0
59.0,0,1,20.0,2,0,2,3.0,3,3.0,3,1.0,1,5,1,0.0,3,25512.0,100.0
44.0,1,3,11.0,3,0,3,5.0,3,3.0,2,5.0,0,3,1,1.0,3,28909.0,33.0
21.0,0,1,16.0,2,0,2,4.0,0,3.0,2,2.0,0,4,1,0.0,1,17625.0,64.0
20.0,1,3,8.0,3,0,2,4.0,0,3.0,2,2.0,0,4,1,0.0,1,17044.0,32.0
49.0,1,1,6.0,2,1,2,3.0,4,3.0,2,5.0,0,3,1,0.0,0,30379.0,18.0
33.0,1,1,15.0,3,1,2,3.0,0,3.0,0,1.0,0,2,1,0.0,1,17781.0,30.0
30.0,1,3,7.0,3,0,3,5.0,0,3.0,1,8.0,1,1,1,2.0,1,21478.0,7.0
57.0,1,1,15.0,2,0,4,4.0,0,5.0,1,6.0,1,4,1,2.0,1,22935.0,60.0
36.0,1,1,7.0,2,0,3,2.0,0,3.0,2,5.0,0,3,0,1.0,1,21184.0,21.0
41.0,0,1,23.0,3,1,3,5.0,1,3.0,3,8.0,0,5,0,1.0,2,23772.0,115.0
32.0,0,3,8.0,2,0,3,3.0,0,5.0,1,2.0,0,3,1,0.0,1,17827.0,24.0
55.0,1,1,26.0,1,1,2,3.0,1,3.0,1,4.0,1,1,0,0.0,2,20415.0,26.0
46.0,1,1,7.0,3,0,4,4.0,0,3.0,1,5.0,0,5,0,2.0,1,20948.0,35.0
33.0,0,1,9.0,2,0,2,3.0,0,3.0,0,2.0,1,5,1,1.0,1,17909.0,45.0
22.0,1,1,17.0,2,0,3,5.0,0,5.0,2,3.0,0,3,0,2.0,1,20094.0,51.0
33.0,1,3,8.0,3,1,3,3.0,1,3.0,1,2.0,0,3,1,1.0,2,20505.0,24.0
46.0,1,3,8.0,1,0,3,5.0,4,4.0,1,4.0,1,5,1,0.0,0,31872.0,40.0
47.0,1,3,9.0,1,0,4,6.0,4,4.0,1,5.0,1,5,1,1.0,0,35550.0,45.0
31.0,0,3,6.0,2,0,2,3.0,0,4.0,2,2.0,1,5,1,1.0,1,17302.0,30.0
38.0,1,1,35.0,1,1,2,3.0,1,3.0,1,4.0,0,1,0,0.0,2,21261.0,35.0
26.0,1,3,16.0,2,1,4,5.0,0,5.0,0,5.0,0,1,1,1.0,1,23078.0,16.0
59.0,1,1,9.0,3,0,2,1.0,0,5.0,1,5.0,1,1,0,1.0,1,17670.0,9.0
32.0,1,1,12.0,1,1,3,4.0,0,3.0,0,2.0,1,4,0,2.0,1,23499.0,48.0
37.0,1,3,16.0,2,1,3,5.0,1,5.0,3,2.0,0,2,0,1.0,2,22085.0,32.0
46.0,1,3,8.0,1,0,3,5.0,4,4.0,0,4.0,1,5,1,2.0,0,31872.0,40.0
35.0,0,1,10.0,2,1,3,4.0,1,3.0,3,2.0,0,1,1,1.0,2,26434.0,10.0
36.0,1,3,17.0,3,1,3,5.0,3,5.0,1,2.0,0,5,1,2.0,3,28984.0,85.0
35.0,1,1,31.0,3,0,2,3.0,3,3.0,1,2.0,1,3,1,1.0,3,25388.0,93.0
34.0,1,1,13.0,2,0,2,3.0,3,4.0,3,1.0,0,5,0,0.0,3,26994.0,65.0
27.0,1,1,23.0,3,1,3,4.0,0,4.0,1,4.0,1,1,1,1.0,1,21051.0,23.0
41.0,1,1,25.0,2,1,2,3.0,1,5.0,1,3.0,0,1,0,0.0,2,18072.0,25.0
54.0,1,2,25.0,3,1,2,3.0,3,4.0,1,3.0,0,3,1,1.0,3,25725.0,75.0
49.0,1,1,13.0,2,1,2,3.0,3,4.0,1,4.0,0,4,0,1.0,3,25466.0,52.0
37.0,1,1,15.0,1,0,3,4.0,3,3.0,1,3.0,0,4,1,2.0,3,28774.0,60.0
53.0,1,3,12.0,3,1,2,3.0,1,3.0,1,3.0,1,5,0,1.0,2,17306.0,60.0
32.0,1,1,6.0,3,1,2,3.0,1,3.0,0,2.0,1,4,1,0.0,2,21162.0,24.0
42.0,0,1,14.0,2,1,3,3.0,2,3.0,1,2.0,0,5,1,1.0,4,33430.0,70.0
36.0,0,1,11.0,2,1,3,5.0,0,3.0,0,3.0,0,2,1,1.0,1,21054.0,22.0
50.0,1,1,14.0,2,1,3,5.0,3,3.0,2,2.0,0,1,1,1.0,3,29643.0,14.0
41.0,1,2,6.0,2,1,2,4.0,2,3.0,1,2.0,0,1,1,1.0,4,34189.0,6.0
36.0,1,3,7.0,3,1,4,4.0,3,4.0,1,3.0,0,4,0,1.0,3,25973.0,28.0
48.0,1,1,11.0,2,0,4,5.0,3,4.0,1,2.0,1,4,1,3.0,3,29011.0,44.0
31.0,1,1,14.0,2,1,3,4.0,1,3.0,1,3.0,0,5,1,2.0,2,22169.0,70.0
29.0,0,1,16.0,2,0,3,3.0,0,4.0,1,1.0,0,5,1,0.0,1,18291.0,80.0
47.0,0,3,33.0,2,0,3,1.0,1,3.0,3,5.0,1,4,0,1.0,2,21397.0,132.0
30.0,1,1,22.0,2,1,3,4.0,0,3.0,2,3.0,0,3,1,2.0,1,21018.0,66.0
46.0,1,1,15.0,2,1,4,4.0,1,3.0,1,2.0,0,3,1,1.0,2,22375.0,45.0
38.0,1,1,32.0,3,0,3,5.0,1,3.0,1,2.0,0,3,1,1.0,2,24409.0,96.0
46.0,0,3,13.0,3,0,3,5.0,3,3.0,3,8.0,0,4,1,1.0,3,27543.0,52.0
28.0,1,1,6.0,2,0,3,5.0,0,4.0,2,1.0,1,2,1,0.0,1,17216.0,12.0
38.0,1,1,28.0,2,1,4,3.0,0,5.0,0,3.0,1,3,0,3.0,1,22242.0,84.0
38.0,1,3,10.0,2,1,3,4.0,3,3.0,3,4.0,0,3,0,2.0,3,26106.0,30.0
36.0,1,3,9.0,2,1,2,4.0,3,3.0,1,2.0,1,1,1,0.0,3,25325.0,9.0
44.0,1,1,14.0,2,0,3,4.0,3,5.0,0,2.0,0,5,1,1.0,3,28663.0,70.0
31.0,1,1,15.0,2,1,2,4.0,0,4.0,2,1.0,1,3,1,0.0,1,17657.0,45.0
40.0,1,1,7.0,3,0,4,4.0,0,3.0,1,2.0,0,3,1,1.0,1,20910.0,21.0
22.0,1,1,17.0,2,0,3,5.0,0,5.0,2,3.0,0,3,1,1.0,1,20094.0,51.0
28.0,0,1,6.0,3,1,2,3.0,0,3.0,2,1.0,1,4,0,0.0,1,17154.0,24.0
39.0,0,1,13.0,2,1,4,5.0,1,3.0,1,4.0,0,4,1,2.0,2,23999.0,52.0
39.0,1,3,14.0,3,0,3,2.0,1,5.0,1,3.0,1,3,1,2.0,2,24283.0,42.0
36.0,1,1,32.0,1,1,4,5.0,3,4.0,1,5.0,0,3,1,2.0,3,29581.0,96.0
30.0,1,3,22.0,2,1,3,3.0,1,3.0,0,1.0,0,3,0,2.0,2,20301.0,66.0
42.0,1,1,14.0,1,0,3,2.0,0,3.0,1,3.0,0,3,0,1.0,1,22054.0,42.0
26.0,0,1,8.0,2,1,2,3.0,0,5.0,1,7.0,1,5,0,0.0,1,17042.0,40.0
20.0,1,1,17.0,3,0,3,4.0,0,5.0,2,2.0,1,3,1,2.0,1,17600.0,51.0
39.0,0,3,17.0,1,0,3,4.0,1,3.0,3,3.0,1,3,0,2.0,2,24344.0,51.0
33.0,1,3,31.0,3,1,2,4.0,3,4.0,3,3.0,1,5,1,0.0,3,23380.0,155.0
31.0,1,1,10.0,1,0,3,4.0,0,5.0,3,7.0,1,4,1,2.0,1,21335.0,40.0
38.0,1,1,32.0,3,0,3,5.0,1,3.0,1,2.0,0,3,0,2.0,2,24409.0,96.0
45.0,1,1,36.0,2,1,3,4.0,1,3.0,3,3.0,0,5,1,2.0,2,23219.0,180.0
28.0,1,1,16.0,3,0,3,4.0,0,4.0,2,3.0,0,3,1,1.0,1,20957.0,48.0
27.0,1,1,14.0,2,1,4,2.0,0,5.0,3,2.0,0,1,1,1.0,1,22256.0,14.0
44.0,0,3,22.0,2,1,3,5.0,1,3.0,1,5.0,0,5,1,1.0,2,25482.0,110.0
25.0,1,3,25.0,3,1,2,4.0,0,4.0,1,2.0,1,1,0,1.0,1,17413.0,25.0
33.0,1,1,8.0,3,1,3,3.0,0,3.0,2,5.0,0,3,0,2.0,1,17496.0,24.0
35.0,1,3,10.0,1,1,2,3.0,3,5.0,3,1.0,1,4,1,1.0,3,24582.0,40.0
41.0,1,3,29.0,3,1,4,5.0,1,3.0,1,4.0,1,3,1,1.0,2,25058.0,87.0
26.0,1,1,23.0,3,1,3,5.0,0,3.0,1,2.0,0,3,0,2.0,1,17305.0,69.0
39.0,0,1,19.0,2,1,3,5.0,1,5.0,1,4.0,0,5,1,1.0,2,24966.0,95.0
30.0,1,1,14.0,2,0,3,1.0,3,5.0,1,1.0,1,1,0,2.0,3,26416.0,14.0
45.0,0,1,31.0,3,1,3,6.0,0,3.0,3,4.0,0,3,0,2.0,1,22386.0,93.0
51.0,1,1,17.0,1,0,2,4.0,4,4.0,3,4.0,0,1,0,1.0,0,28142.0,17.0
50.0,0,1,6.0,2,0,3,3.0,2,4.0,1,4.0,1,1,0,2.0,4,33172.0,6.0
34.0,1,1,25.0,2,0,2,4.0,0,3.0,1,2.0,0,4,1,1.0,1,17929.0,100.0
27.0,1,1,13.0,3,0,2,4.0,1,5.0,3,1.0,0,3,1,0.0,2,21811.0,39.0
46.0,0,1,13.0,3,0,1,3.0,1,3.0,1,3.0,0,5,1,0.0,2,20258.0,65.0
29.0,1,3,33.0,3,0,2,3.0,3,3.0,0,2.0,0,3,1,1.0,3,22639.0,99.0
21.0,1,1,18.0,3,0,4,5.0,0,5.0,3,3.0,1,3,0,2.0,1,21278.0,54.0
32.0,1,1,9.0,3,0,3,3.0,1,5.0,0,2.0,0,2,1,1.0,2,21725.0,18.0
40.0,0,3,34.0,2,1,2,5.0,3,5.0,1,4.0,0,5,0,1.0,3,25932.0,170.0
22.0,1,1,25.0,2,0,4,4.0,0,3.0,3,3.0,0,3,1,2.0,1,21371.0,75.0
50.0,0,1,8.0,3,0,1,3.0,4,5.0,0,3.0,0,3,1,0.0,0,32856.0,24.0
23.0,1,1,14.0,2,1,4,4.0,0,4.0,2,3.0,1,3,1,1.0,1,21150.0,42.0
53.0,1,1,6.0,2,1,3,4.0,3,4.0,2,2.0,0,3,1,2.0,3,29123.0,18.0
54.0,1,1,23.0,1,0,2,3.0,3,3.0,1,1.0,0,5,0,0.0,3,25739.0,115.0
28.0,1,1,16.0,3,0,5,4.0,0,4.0,2,3.0,0,3,0,2.0,1,20957.0,48.0
18.0,1,3,15.0,3,1,2,3.0,0,3.0,2,2.0,0,5,0,1.0,1,16611.0,75.0
36.0,0,1,29.0,3,1,2,1.0,1,3.0,1,5.0,0,3,0,0.0,2,17571.0,87.0
27.0,0,1,9.0,3,1,2,3.0,0,3.0,0,2.0,0,2,1,0.0,1,16706.0,18.0
36.0,1,1,13.0,2,1,3,6.0,1,3.0,3,3.0,0,5,1,1.0,2,25324.0,65.0
46.0,1,3,9.0,3,1,2,3.0,4,3.0,1,4.0,0,1,1,0.0,0,32465.0,9.0
36.0,1,3,25.0,3,0,3,4.0,1,3.0,1,3.0,0,4,1,2.0,2,23279.0,100.0
31.0,1,3,22.0,3,1,3,3.0,3,3.0,1,3.0,0,5,1,0.0,3,23161.0,110.0
55.0,1,3,8.0,3,1,2,3.0,1,3.0,2,5.0,0,1,1,0.0,2,20160.0,8.0
52.0,0,1,7.0,3,0,2,5.0,3,5.0,3,5.0,0,2,1,1.0,3,26162.0,14.0
35.0,1,1,13.0,2,0,3,4.0,1,3.0,3,3.0,0,3,1,1.0,2,23487.0,39.0
41.0,1,3,9.0,3,0,4,4.0,1,4.0,1,5.0,0,3,1,2.0,2,24355.0,27.0
34.0,1,1,35.0,3,1,2,3.0,1,3.0,0,5.0,0,3,0,0.0,2,20429.0,105.0
29.0,1,3,33.0,2,1,3,5.0,1,5.0,0,3.0,0,4,1,1.0,2,23402.0,132.0
34.0,1,1,7.0,2,0,3,5.0,1,3.0,3,2.0,0,4,0,1.0,2,25627.0,28.0
41.0,0,3,16.0,3,1,2,5.0,1,4.0,2,2.0,0,1,1,0.0,2,21151.0,16.0
41.0,1,3,23.0,3,1,4,4.0,3,3.0,1,4.0,0,5,0,2.0,3,22222.0,115.0
49.0,0,1,16.0,2,0,2,3.0,2,5.0,2,1.0,1,3,0,0.0,4,33665.0,48.0
40.0,0,1,14.0,3,1,2,4.0,3,4.0,1,3.0,0,1,1,1.0,3,28757.0,14.0
29.0,1,1,15.0,2,1,3,1.0,0,3.0,1,7.0,0,5,1,0.0,1,17451.0,75.0
29.0,0,1,8.0,3,1,2,4.0,0,5.0,2,1.0,0,4,1,1.0,1,18339.0,32.0
54.0,0,3,9.0,3,0,3,5.0,3,4.0,1,4.0,0,1,1,1.0,3,26203.0,9.0
38.0,1,1,21.0,2,0,4,4.0,0,5.0,1,3.0,0,4,1,1.0,1,21712.0,84.0
21.0,0,1,13.0,2,0,4,5.0,0,3.0,3,3.0,1,2,1,2.0,1,21604.0,26.0
35.0,1,1,9.0,3,0,3,5.0,0,5.0,3,3.0,0,1,1,1.0,1,23059.0,9.0
30.0,0,1,21.0,2,0,3,4.0,3,3.0,3,2.0,1,5,1,1.0,3,26231.0,105.0
32.0,0,3,14.0,3,0,4,4.0,3,5.0,1,4.0,0,1,1,3.0,3,28315.0,14.0
50.0,1,3,6.0,3,0,3,3.0,2,3.0,1,4.0,0,1,1,0.0,4,34517.0,6.0
38.0,0,1,8.0,2,1,2,3.0,0,3.0,0,2.0,1,5,1,1.0,1,16702.0,40.0
31.0,1,3,23.0,2,1,4,4.0,1,3.0,0,2.0,0,3,0,3.0,2,23979.0,69.0
57.0,1,1,30.0,2,1,2,1.0,3,3.0,1,4.0,1,4,1,0.0,3,24439.0,120.0
25.0,1,1,9.0,2,1,2,3.0,0,5.0,1,5.0,0,5,1,0.0,1,16118.0,45.0
19.0,1,1,31.0,2,0,2,1.0,0,3.0,2,2.0,1,5,1,0.0,1,17994.0,155.0
37.0,0,1,18.0,2,1,4,5.0,1,4.0,3,3.0,0,4,1,2.0,2,25177.0,72.0
44.0,1,1,9.0,2,1,2,3.0,2,3.0,1,5.0,1,1,0,1.0,4,34513.0,9.0
32.0,1,3,14.0,2,1,3,5.0,0,3.0,0,5.0,0,4,1,2.0,1,21007.0,56.0
26.0,1,3,33.0,3,0,3,4.0,1,3.0,3,3.0,0,4,0,1.0,2,24858.0,132.0
45.0,1,1,7.0,2,1,4,2.0,1,5.0,1,4.0,0,3,1,3.0,2,23711.0,21.0
50.0,1,1,7.0,1,0,3,5.0,4,3.0,2,2.0,1,3,1,1.0,0,32642.0,21.0
22.0,1,1,25.0,3,1,3,3.0,0,3.0,1,2.0,0,1,1,0.0,1,17323.0,25.0
38.0,1,2,6.0,2,1,2,1.0,0,3.0,1,2.0,0,4,1,0.0,1,17844.0,24.0
29.0,1,1,15.0,3,0,2,3.0,0,3.0,1,1.0,0,5,1,1.0,1,17974.0,75.0
58.0,1,1,7.0,2,1,4,2.0,1,3.0,0,2.0,0,3,1,3.0,2,23578.0,21.0
43.0,0,3,33.0,3,0,4,4.0,4,4.0,1,7.0,0,3,1,2.0,0,32203.0,99.0
27.0,1,1,31.0,1,1,4,6.0,0,3.0,2,3.0,1,3,0,2.0,1,21018.0,93.0
31.0,0,1,7.0,3,0,3,4.0,1,3.0,3,3.0,0,3,1,1.0,2,22689.0,21.0
30.0,1,2,20.0,2,1,3,5.0,0,5.0,1,6.0,1,5,1,2.0,1,21013.0,100.0
30.0,1,1,15.0,2,0,3,6.0,1,5.0,1,5.0,0,1,0,1.0,2,28393.0,15.0
41.0,0,1,16.0,3,1,3,4.0,0,4.0,1,2.0,1,4,0,2.0,1,22295.0,64.0
34.0,1,1,22.0,3,1,3,4.0,3,3.0,1,2.0,1,5,1,1.0,3,32288.0,110.0
50.0,1,3,18.0,3,0,4,4.0,1,3.0,3,5.0,0,4,0,2.0,2,23185.0,72.0
36.0,1,1,30.0,2,1,3,5.0,1,3.0,0,5.0,1,4,1,2.0,2,24594.0,120.0
50.0,0,1,15.0,2,1,4,5.0,1,4.0,0,3.0,0,3,1,3.0,2,23808.0,45.0
46.0,1,1,12.0,3,0,3,6.0,1,5.0,3,3.0,1,3,1,1.0,2,24447.0,36.0
27.0,0,1,7.0,2,0,4,6.0,0,3.0,1,5.0,0,4,1,1.0,1,23042.0,28.0
31.0,1,1,35.0,3,0,4,4.0,1,3.0,1,3.0,0,3,1,3.0,2,24453.0,105.0
20.0,0,3,15.0,3,0,2,3.0,0,3.0,2,2.0,1,4,0,0.0,1,17323.0,60.0
36.0,1,1,30.0,3,1,4,6.0,0,3.0,1,2.0,0,1,1,1.0,1,21383.0,30.0
33.0,1,3,7.0,3,0,3,4.0,3,3.0,1,3.0,0,5,1,1.0,3,29100.0,35.0
31.0,1,3,12.0,2,0,3,4.0,3,3.0,1,4.0,0,4,1,2.0,3,28097.0,48.0
33.0,1,1,11.0,2,0,4,5.0,1,3.0,1,3.0,0,4,1,2.0,2,24840.0,44.0
31.0,0,1,21.0,3,1,3,3.0,0,3.0,0,2.0,0,4,1,2.0,1,17610.0,84.0
42.0,1,3,27.0,3,0,4,4.0,0,4.0,3,3.0,1,4,0,2.0,1,21818.0,108.0
28.0,1,1,15.0,3,1,3,3.0,0,3.0,0,2.0,0,2,1,1.0,1,17070.0,30.0
54.0,1,3,7.0,3,0,3,4.0,1,5.0,3,2.0,0,1,1,2.0,2,27059.0,7.0
44.0,0,3,9.0,2,1,4,4.0,1,3.0,1,3.0,0,3,1,3.0,2,24353.0,27.0
30.0,1,3,10.0,3,0,4,4.0,1,3.0,0,3.0,0,2,0,1.0,2,24239.0,20.0
41.0,1,3,8.0,2,1,2,3.0,4,4.0,2,2.0,0,3,1,1.0,0,31015.0,24.0
29.0,1,3,29.0,2,0,2,4.0,3,5.0,1,2.0,0,3,1,1.0,3,22336.0,87.0
52.0,1,1,9.0,3,1,3,6.0,1,4.0,1,7.0,0,2,0,1.0,2,24160.0,18.0
30.0,1,1,34.0,3,0,4,4.0,1,3.0,0,6.0,0,2,1,1.0,2,23013.0,68.0
29.0,0,3,20.0,1,0,3,4.0,1,4.0,3,7.0,0,3,1,1.0,2,22545.0,60.0
33.0,1,1,11.0,2,1,2,4.0,3,3.0,1,5.0,0,3,0,0.0,3,22119.0,33.0
29.0,0,3,7.0,2,1,3,5.0,1,3.0,1,3.0,1,1,0,1.0,2,25512.0,7.0
43.0,0,1,35.0,1,0,3,5.0,1,3.0,1,2.0,0,3,0,2.0,2,23201.0,105.0
32.0,0,1,10.0,2,0,3,4.0,0,3.0,3,3.0,0,4,1,2.0,1,22762.0,40.0
18.0,0,1,20.0,3,0,2,3.0,0,3.0,2,2.0,0,5,1,0.0,1,16514.0,100.0
33.0,1,1,17.0,3,1,2,4.0,3,3.0,2,4.0,0,1,0,1.0,3,29922.0,17.0
39.0,1,1,12.0,3,1,2,4.0,3,5.0,1,5.0,0,4,1,0.0,3,24991.0,48.0
50.0,0,1,28.0,3,1,2,5.0,4,3.0,2,2.0,1,1,1,1.0,0,29411.0,28.0
49.0,0,1,16.0,2,0,2,3.0,2,5.0,2,1.0,1,3,0,1.0,4,33665.0,48.0
37.0,1,1,7.0,2,0,3,4.0,1,4.0,0,2.0,0,5,0,1.0,2,23906.0,35.0
59.0,1,1,8.0,2,0,3,4.0,4,3.0,2,4.0,1,5,0,2.0,0,28726.0,40.0
35.0,1,1,12.0,3,0,3,5.0,3,5.0,2,4.0,0,1,1,2.0,3,30309.0,12.0
38.0,1,1,7.0,1,0,3,4.0,3,3.0,3,6.0,0,5,1,1.0,3,26169.0,35.0
52.0,1,1,18.0,1,0,3,5.0,4,4.0,2,5.0,0,1,0,2.0,0,31820.0,18.0
36.0,1,1,18.0,3,1,3,4.0,0,3.0,1,2.0,1,5,0,1.0,1,21338.0,90.0
32.0,0,1,36.0,3,1,4,5.0,0,4.0,3,2.0,0,3,1,3.0,1,22157.0,108.0
23.0,0,1,11.0,1,1,4,5.0,0,3.0,3,7.0,0,5,0,1.0,1,22572.0,55.0
28.0,1,1,14.0,2,0,3,3.0,0,3.0,2,2.0,0,4,1,1.0,1,18310.0,56.0
31.0,0,1,9.0,3,1,3,3.0,3,3.0,1,1.0,0,4,1,0.0,3,28675.0,36.0
44.0,1,1,14.0,2,1,3,1.0,0,3.0,1,3.0,1,3,1,0.0,1,17818.0,42.0
39.0,1,1,6.0,3,1,2,1.0,3,3.0,1,1.0,0,3,1,0.0,3,24613.0,18.0
44.0,1,2,6.0,2,0,2,3.0,0,3.0,1,5.0,1,3,1,0.0,1,18195.0,18.0
33.0,1,1,13.0,2,1,3,4.0,0,3.0,3,5.0,0,1,0,2.0,1,21716.0,13.0
39.0,0,1,8.0,2,1,2,3.0,4,3.0,1,1.0,0,3,1,0.0,0,27169.0,24.0
34.0,1,1,16.0,3,1,3,4.0,0,3.0,0,2.0,0,2,1,1.0,1,21459.0,32.0
32.0,0,3,12.0,3,0,3,4.0,0,4.0,1,3.0,0,3,0,2.0,1,21467.0,36.0
43.0,1,1,19.0,3,1,3,4.0,0,4.0,1,2.0,0,1,1,2.0,1,21444.0,19.0
42.0,0,1,9.0,2,0,4,5.0,1,3.0,3,4.0,1,1,0,1.0,2,25489.0,9.0
34.0,1,3,15.0,3,1,3,4.0,1,3.0,1,2.0,0,1,0,1.0,2,25782.0,15.0
34.0,1,2,9.0,2,1,3,4.0,0,3.0,0,3.0,0,2,0,1.0,1,22278.0,18.0
50.0,1,3,18.0,3,0,3,4.0,3,3.0,1,3.0,0,4,0,1.0,3,26332.0,72.0
43.0,1,3,22.0,3,0,3,3.0,4,3.0,0,6.0,1,3,0,1.0,0,31064.0,66.0
31.0,1,1,13.0,2,1,2,3.0,1,3.0,1,4.0,0,3,1,0.0,2,20915.0,39.0
37.0,1,1,6.0,2,0,2,4.0,1,3.0,0,2.0,0,2,1,1.0,2,21474.0,12.0
26.0,0,1,6.0,2,0,2,3.0,1,4.0,1,2.0,0,5,1,1.0,2,21397.0,30.0
38.0,1,1,17.0,2,0,3,4.0,0,5.0,1,2.0,1,3,1,2.0,1,21460.0,51.0
58.0,1,1,7.0,3,1,3,4.0,1,3.0,0,4.0,0,3,1,2.0,2,25433.0,21.0
45.0,0,3,12.0,3,0,2,4.0,3,3.0,3,7.0,0,4,1,0.0,3,23865.0,48.0
52.0,1,1,10.0,3,0,4,4.0,4,4.0,2,5.0,0,5,1,2.0,0,32412.0,50.0
30.0,1,1,26.0,1,1,3,4.0,1,3.0,1,6.0,0,5,1,1.0,2,22940.0,130.0
33.0,1,1,10.0,2,0,3,4.0,3,3.0,2,5.0,0,1,1,1.0,3,29837.0,10.0
56.0,0,1,9.0,2,1,4,4.0,3,4.0,1,5.0,0,1,0,2.0,3,29654.0,9.0
39.0,1,1,22.0,2,1,4,5.0,3,3.0,1,2.0,1,5,1,2.0,3,30188.0,110.0
37.0,1,1,8.0,1,0,4,6.0,3,5.0,1,4.0,1,1,1,1.0,3,28930.0,8.0
21.0,1,1,16.0,2,0,2,4.0,0,5.0,2,2.0,0,3,0,1.0,1,16416.0,48.0
29.0,0,3,6.0,3,0,2,3.0,3,3.0,0,2.0,0,3,1,0.0,3,22918.0,18.0
26.0,0,1,12.0,2,1,3,1.0,0,3.0,1,1.0,0,4,1,1.0,1,17544.0,48.0
43.0,1,1,12.0,3,0,2,4.0,2,3.0,1,1.0,0,3,1,1.0,4,34392.0,36.0
31.0,1,1,14.0,2,1,3,4.0,1,3.0,1,3.0,0,5,1,2.0,2,22169.0,70.0
40.0,1,1,10.0,3,0,2,3.0,2,3.0,0,2.0,0,5,0,1.0,4,34033.0,50.0
39.0,0,2,9.0,2,1,4,4.0,0,4.0,1,7.0,0,3,1,3.0,1,21270.0,27.0
40.0,1,1,20.0,3,1,2,4.0,2,3.0,2,2.0,0,3,1,1.0,4,34626.0,60.0
32.0,0,1,27.0,2,1,4,4.0,3,3.0,1,5.0,0,3,1,1.0,3,28502.0,81.0
23.0,0,1,33.0,2,0,3,5.0,0,3.0,1,3.0,1,3,0,1.0,1,21492.0,99.0
30.0,1,1,9.0,2,1,4,4.0,0,4.0,1,2.0,0,4,1,1.0,1,21381.0,36.0
32.0,1,3,14.0,2,1,3,5.0,3,3.0,1,2.0,0,3,1,1.0,3,30235.0,42.0
35.0,1,1,14.0,2,0,3,4.0,3,4.0,2,2.0,0,5,0,1.0,3,30672.0,70.0
30.0,1,1,14.0,3,0,4,5.0,0,3.0,1,8.0,0,5,1,1.0,1,21210.0,70.0
43.0,1,1,18.0,2,1,2,4.0,4,4.0,1,2.0,0,3,1,1.0,0,29336.0,54.0
34.0,0,1,9.0,2,1,2,3.0,1,3.0,3,1.0,0,1,1,0.0,2,22756.0,9.0
41.0,1,3,26.0,3,0,3,3.0,0,4.0,2,2.0,1,4,0,2.0,1,18140.0,104.0
35.0,0,3,5.0,2,1,3,3.0,3,5.0,1,2.0,0,4,0,0.0,3,24069.0,20.0
60.0,0,3,34.0,3,0,3,4.0,3,5.0,0,5.0,0,2,1,0.0,3,25266.0,68.0
39.0,0,1,9.0,2,1,3,4.0,0,3.0,1,3.0,1,5,1,1.0,1,20380.0,45.0
27.0,1,1,7.0,2,0,3,5.0,0,3.0,1,3.0,1,4,0,1.0,1,21611.0,28.0
39.0,1,3,8.0,2,1,2,1.0,3,3.0,3,1.0,0,2,1,1.0,3,22880.0,16.0
38.0,0,1,18.0,2,1,1,4.0,1,5.0,1,3.0,0,5,1,0.0,2,21288.0,90.0
42.0,1,3,13.0,2,0,4,4.0,3,3.0,2,5.0,1,1,0,1.0,3,32269.0,13.0
32.0,1,3,14.0,2,1,3,5.0,3,3.0,1,2.0,0,3,1,1.0,3,30235.0,42.0
46.0,1,3,15.0,3,1,3,4.0,3,3.0,3,2.0,0,5,1,2.0,3,24619.0,75.0
26.0,1,1,16.0,2,1,3,4.0,0,5.0,2,5.0,0,1,1,1.0,1,20774.0,16.0
42.0,1,1,23.0,2,0,2,2.0,1,5.0,3,4.0,1,2,0,0.0,2,21545.0,46.0
53.0,1,1,11.0,2,0,2,3.0,2,3.0,1,5.0,0,5,0,1.0,4,34094.0,55.0
44.0,1,1,13.0,3,0,2,4.0,3,3.0,1,4.0,0,4,0,0.0,3,25248.0,52.0
43.0,1,1,9.0,2,1,4,5.0,1,3.0,3,5.0,0,1,1,1.0,2,25459.0,9.0
38.0,0,1,9.0,2,1,4,5.0,1,3.0,1,7.0,0,2,0,2.0,2,23841.0,18.0
35.0,1,3,14.0,2,0,3,3.0,0,3.0,0,2.0,0,3,0,0.0,1,17572.0,42.0
21.0,1,1,21.0,2,1,3,3.0,0,3.0,2,2.0,0,5,1,1.0,1,16232.0,105.0
30.0,1,3,8.0,1,1,3,3.0,0,4.0,0,2.0,0,3,1,2.0,1,17476.0,24.0
44.0,0,1,17.0,2,0,3,5.0,1,3.0,1,3.0,0,3,0,1.0,2,23935.0,51.0
33.0,1,1,13.0,2,1,3,4.0,0,3.0,3,5.0,0,2,0,2.0,1,21716.0,26.0
29.0,1,3,15.0,3,0,2,5.0,0,4.0,2,2.0,0,1,1,1.0,1,17760.0,15.0
36.0,1,3,24.0,2,1,4,4.0,1,5.0,1,5.0,1,3,0,3.0,2,27644.0,72.0
38.0,0,1,18.0,2,1,2,4.0,1,5.0,1,3.0,0,5,1,0.0,2,21288.0,90.0
41.0,1,3,6.0,2,0,3,3.0,1,3.0,2,1.0,1,4,0,2.0,2,20993.0,24.0
20.0,0,1,17.0,3,0,4,5.0,0,4.0,2,3.0,1,5,1,2.0,1,20537.0,85.0
29.0,1,3,12.0,3,1,3,4.0,1,5.0,3,2.0,0,1,1,1.0,2,27141.0,12.0
29.0,0,1,7.0,3,1,3,5.0,0,4.0,1,3.0,0,4,0,1.0,1,21274.0,28.0
38.0,0,1,15.0,2,1,3,3.0,1,5.0,1,5.0,0,3,0,2.0,2,21893.0,45.0
37.0,1,1,6.0,2,0,2,3.0,0,3.0,2,2.0,0,1,1,0.0,1,17115.0,6.0
43.0,1,1,8.0,3,0,3,1.0,0,3.0,1,2.0,0,1,1,2.0,1,17645.0,8.0
31.0,0,1,13.0,2,0,2,4.0,3,3.0,1,2.0,0,1,1,0.0,3,23943.0,13.0
33.0,0,1,12.0,1,1,4,4.0,0,4.0,3,4.0,0,3,1,2.0,1,21396.0,36.0
55.0,1,1,8.0,3,0,2,5.0,2,3.0,0,5.0,0,4,1,1.0,4,34187.0,32.0
27.0,1,3,14.0,3,0,2,3.0,1,4.0,1,2.0,0,1,0,1.0,2,21214.0,14.0
30.0,1,3,17.0,3,1,3,4.0,0,4.0,1,3.0,0,1,1,1.0,1,20975.0,17.0
33.0,1,1,34.0,2,1,3,3.0,1,3.0,1,2.0,1,1,1,0.0,2,20207.0,34.0
37.0,1,1,17.0,2,1,3,4.0,3,5.0,1,2.0,1,5,1,2.0,3,26999.0,85.0
53.0,1,1,10.0,3,1,3,5.0,3,3.0,1,4.0,1,1,1,1.0,3,26647.0,10.0
27.0,0,1,12.0,3,0,3,5.0,0,3.0,1,3.0,1,1,0,2.0,1,21044.0,12.0
48.0,1,3,9.0,2,0,4,5.0,0,3.0,3,3.0,1,1,0,1.0,1,21972.0,9.0
36.0,1,1,28.0,2,0,3,4.0,1,3.0,0,3.0,1,3,0,2.0,2,22692.0,84.0
36.0,0,1,9.0,3,1,1,3.0,0,4.0,2,5.0,0,4,1,0.0,1,17088.0,36.0
36.0,0,1,11.0,2,1,3,5.0,0,3.0,1,3.0,0,1,1,2.0,1,21054.0,11.0
55.0,0,1,8.0,2,1,3,3.0,3,4.0,1,4.0,0,1,0,1.0,3,25976.0,8.0
47.0,1,1,25.0,3,0,3,4.0,1,3.0,1,4.0,0,5,0,1.0,2,23488.0,125.0
37.0,1,3,9.0,2,1,4,4.0,0,3.0,3,5.0,1,3,0,1.0,1,21322.0,27.0
33.0,1,1,9.0,3,0,4,4.0,0,4.0,1,3.0,0,4,0,2.0,1,21048.0,36.0
25.0,1,1,24.0,3,0,3,5.0,1,3.0,1,3.0,0,3,0,1.0,2,23055.0,72.0
35.0,0,1,14.0,2,1,4,6.0,1,3.0,3,3.0,1,5,1,2.0,2,24752.0,70.0
30.0,1,2,13.0,3,1,3,5.0,0,4.0,1,3.0,0,3,1,2.0,1,21482.0,39.0
31.0,0,3,11.0,3,0,2,3.0,0,4.0,1,2.0,0,3,0,1.0,1,17789.0,33.0
40.0,0,1,16.0,2,1,4,4.0,1,4.0,3,2.0,0,1,1,1.0,2,25460.0,16.0
25.0,1,1,24.0,2,0,4,4.0,0,4.0,1,3.0,0,1,1,3.0,1,20888.0,24.0
48.0,0,3,10.0,3,0,3,4.0,4,3.0,1,2.0,1,5,1,2.0,0,32448.0,50.0
54.0,1,3,31.0,2,1,4,4.0,3,5.0,2,8.0,1,3,1,3.0,3,29126.0,93.0
45.0,1,1,15.0,2,1,2,3.0,1,4.0,1,1.0,0,4,1,0.0,2,17348.0,60.0
40.0,1,3,10.0,3,0,3,4.0,1,3.0,0,6.0,1,4,1,2.0,2,23916.0,40.0
53.0,0,1,6.0,3,0,2,4.0,4,3.0,1,5.0,1,1,0,0.0,0,27965.0,6.0
36.0,1,1,13.0,2,1,4,4.0,0,3.0,0,2.0,1,3,1,2.0,1,22184.0,39.0
29.0,1,1,35.0,2,1,3,5.0,1,3.0,1,1.0,0,5,1,2.0,2,21384.0,175.0
40.0,1,3,32.0,3,1,3,3.0,1,5.0,0,2.0,0,2,1,1.0,2,23396.0,64.0
35.0,0,1,17.0,3,1,3,4.0,0,3.0,1,3.0,1,3,1,1.0,1,22493.0,51.0
41.0,1,3,8.0,2,1,2,3.0,4,4.0,2,2.0,0,3,1,0.0,0,31015.0,24.0
46.0,1,3,8.0,2,1,3,3.0,3,3.0,1,5.0,1,3,0,2.0,3,25368.0,24.0
43.0,1,1,7.0,2,0,4,4.0,0,5.0,1,5.0,0,3,1,2.0,1,21254.0,21.0
24.0,1,1,33.0,2,1,3,4.0,0,3.0,1,3.0,0,2,1,2.0,1,21582.0,66.0
54.0,1,3,13.0,3,1,3,4.0,1,3.0,1,4.0,1,5,0,2.0,2,20984.0,65.0
27.0,1,3,14.0,3,0,2,3.0,1,4.0,0,2.0,0,2,0,0.0,2,21214.0,28.0
29.0,1,1,29.0,2,1,2,3.0,0,3.0,2,1.0,0,3,0,0.0,1,17201.0,87.0
26.0,1,3,6.0,2,1,2,3.0,1,3.0,1,2.0,0,5,0,1.0,2,20296.0,30.0
27.0,0,1,7.0,2,0,3,4.0,1,4.0,1,3.0,0,5,0,2.0,2,25075.0,35.0
38.0,0,1,9.0,2,1,2,3.0,0,3.0,0,4.0,0,3,1,1.0,1,17821.0,27.0
57.0,1,1,6.0,2,1,3,1.0,1,3.0,0,1.0,0,3,1,2.0,2,19900.0,18.0
35.0,1,3,9.0,2,1,3,4.0,1,3.0,3,3.0,0,5,0,2.0,2,24952.0,45.0
39.0,1,1,9.0,2,1,3,4.0,1,3.0,1,2.0,0,1,1,2.0,2,25231.0,9.0
51.0,1,1,9.0,3,0,3,3.0,4,4.0,2,4.0,0,5,0,1.0,0,28734.0,45.0
51.0,1,1,17.0,1,1,4,5.0,3,3.0,2,8.0,0,5,1,2.0,3,29174.0,85.0
29.0,0,3,11.0,3,1,3,4.0,1,3.0,1,3.0,0,1,0,1.0,2,22899.0,11.0
29.0,1,1,21.0,2,0,3,5.0,0,3.0,1,1.0,1,5,1,1.0,1,17168.0,105.0
31.0,1,3,11.0,2,0,3,3.0,1,3.0,1,2.0,0,1,0,2.0,2,20476.0,11.0
50.0,0,3,14.0,1,1,2,3.0,1,3.0,0,4.0,1,5,1,0.0,2,21796.0,70.0
31.0,1,1,16.0,3,1,3,5.0,0,3.0,2,3.0,0,4,1,2.0,1,20884.0,64.0
33.0,1,1,9.0,3,1,3,4.0,1,4.0,1,6.0,0,4,1,2.0,2,23561.0,36.0
26.0,1,1,31.0,2,1,2,5.0,0,3.0,2,2.0,0,1,0,0.0,1,17293.0,31.0
33.0,1,3,22.0,3,0,3,3.0,1,5.0,2,6.0,0,3,1,0.0,2,20324.0,66.0
36.0,1,1,8.0,2,0,3,3.0,0,3.0,0,5.0,0,5,1,0.0,1,17543.0,40.0
33.0,1,1,7.0,3,1,3,4.0,1,3.0,1,3.0,1,4,1,2.0,2,24840.0,28.0
27.0,1,1,23.0,1,1,2,3.0,0,4.0,0,1.0,1,4,1,0.0,1,18058.0,92.0
35.0,1,1,13.0,2,0,3,5.0,1,4.0,1,8.0,0,3,0,2.0,2,23183.0,39.0
57.0,1,1,6.0,3,1,2,3.0,1,3.0,1,3.0,0,3,0,1.0,2,21755.0,18.0
47.0,1,3,17.0,3,0,4,5.0,3,3.0,1,4.0,1,1,0,1.0,3,27749.0,17.0
38.0,1,1,29.0,2,1,2,3.0,1,3.0,1,1.0,0,3,0,1.0,2,20745.0,87.0
37.0,0,1,10.0,1,1,3,4.0,0,4.0,1,3.0,0,3,0,2.0,1,22370.0,30.0
35.0,1,1,9.0,2,1,3,5.0,1,5.0,1,8.0,0,4,0,2.0,2,24635.0,36.0
58.0,1,1,8.0,1,0,3,4.0,3,3.0,1,1.0,0,5,0,0.0,3,17372.0,40.0
46.0,1,3,9.0,2,0,2,3.0,4,4.0,0,1.0,0,4,1,0.0,0,31606.0,36.0
42.0,0,3,18.0,2,1,2,3.0,4,5.0,2,1.0,1,5,1,1.0,0,28758.0,90.0
45.0,0,1,31.0,3,1,3,6.0,0,3.0,3,4.0,0,3,0,1.0,1,22386.0,93.0
32.0,1,3,6.0,3,0,2,3.0,3,3.0,1,2.0,0,5,1,0.0,3,25422.0,30.0
22.0,1,1,25.0,2,0,4,4.0,0,3.0,3,3.0,0,3,1,3.0,1,21371.0,75.0
35.0,0,1,10.0,2,1,2,4.0,0,3.0,1,2.0,0,1,1,1.0,1,17376.0,10.0
44.0,1,1,16.0,2,1,3,3.0,0,3.0,2,2.0,1,3,1,2.0,1,17936.0,48.0
33.0,0,1,6.0,2,0,3,3.0,3,3.0,3,2.0,1,2,1,0.0,3,28458.0,12.0
44.0,1,1,8.0,2,0,3,1.0,0,3.0,1,2.0,0,4,1,2.0,1,17011.0,32.0
47.0,1,1,28.0,3,0,4,4.0,1,4.0,1,6.0,0,3,1,3.0,2,27604.0,84.0
40.0,1,2,9.0,2,0,3,5.0,1,3.0,0,2.0,0,3,0,1.0,2,23882.0,27.0
43.0,1,1,10.0,2,0,4,2.0,1,3.0,0,4.0,1,5,0,1.0,2,23909.0,50.0
34.0,1,3,6.0,3,1,3,1.0,1,3.0,1,1.0,0,5,1,2.0,2,24725.0,30.0
40.0,0,1,16.0,2,1,4,4.0,1,4.0,3,22.0,0,2,1,1.0,2,25460.0,32.0
37.0,1,1,25.0,2,1,2,3.0,1,3.0,1,4.0,0,1,0,0.0,2,20768.0,25.0
32.0,1,3,12.0,2,0,4,4.0,1,3.0,1,3.0,0,1,0,3.0,2,24154.0,12.0
36.0,1,1,14.0,2,1,3,4.0,3,3.0,2,5.0,0,3,0,2.0,3,28899.0,42.0
39.0,0,1,10.0,2,1,3,4.0,0,3.0,1,5.0,0,3,1,1.0,1,21499.0,30.0
37.0,0,1,6.0,3,0,1,3.0,3,3.0,1,3.0,1,3,0,0.0,3,28603.0,18.0
29.0,1,1,26.0,3,1,4,5.0,0,5.0,1,3.0,0,3,1,2.0,1,21874.0,78.0
43.0,1,1,9.0,3,0,3,5.0,0,5.0,1,2.0,1,4,1,2.0,1,21271.0,36.0
39.0,1,1,11.0,3,0,3,4.0,0,3.0,1,2.0,0,5,0,1.0,1,21984.0,55.0
32.0,0,3,11.0,2,1,2,3.0,1,4.0,1,2.0,0,3,1,1.0,2,21524.0,33.0
28.0,0,3,6.0,1,1,3,3.0,0,3.0,0,4.0,0,3,1,0.0,1,17909.0,18.0
48.0,1,1,26.0,3,1,2,3.0,0,3.0,0,5.0,0,2,0,0.0,1,17259.0,52.0
35.0,1,3,34.0,2,0,3,4.0,0,3.0,1,1.0,0,4,1,2.0,1,17430.0,136.0
31.0,1,3,17.0,3,1,4,5.0,1,3.0,1,3.0,0,1,0,2.0,2,25256.0,17.0
40.0,1,3,31.0,3,1,2,4.0,3,4.0,3,3.0,1,5,0,1.0,3,24094.0,155.0
25.0,0,1,16.0,2,1,3,5.0,0,4.0,1,3.0,0,5,0,2.0,1,21372.0,80.0
49.0,1,3,36.0,3,0,4,4.0,3,3.0,0,5.0,0,4,0,1.0,3,31182.0,144.0
42.0,1,3,16.0,2,1,4,4.0,3,3.0,1,5.0,1,2,0,2.0,3,26867.0,32.0
42.0,0,3,17.0,3,1,3,6.0,1,4.0,3,3.0,0,1,1,1.0,2,24829.0,17.0
21.0,1,1,6.0,1,0,3,4.0,0,4.0,2,2.0,1,5,0,2.0,1,17070.0,30.0
45.0,1,3,7.0,2,1,3,4.0,1,5.0,1,2.0,0,4,1,2.0,2,33061.0,28.0
36.0,1,1,35.0,2,1,3,2.0,1,3.0,1,3.0,0,5,1,1.0,2,22085.0,175.0
39.0,1,1,18.0,3,1,3,3.0,1,4.0,1,5.0,0,3,1,1.0,2,20295.0,54.0
31.0,1,3,16.0,3,0,2,3.0,1,3.0,1,3.0,1,1,0,0.0,2,21583.0,16.0
38.0,1,1,6.0,2,0,2,3.0,3,3.0,3,5.0,1,2,0,1.0,3,22861.0,12.0
52.0,1,1,6.0,2,1,3,3.0,4,3.0,0,3.0,0,2,1,1.0,0,32099.0,12.0
33.0,0,1,6.0,2,0,3,3.0,3,3.0,3,2.0,1,1,1,0.0,3,28458.0,6.0
21.0,1,1,6.0,1,0,3,4.0,0,4.0,2,2.0,1,5,1,1.0,1,17070.0,30.0
33.0,1,1,8.0,2,1,2,3.0,0,3.0,2,1.0,0,3,0,1.0,1,17500.0,24.0
33.0,0,1,9.0,2,0,3,4.0,1,3.0,3,6.0,1,5,1,2.0,2,23676.0,45.0
23.0,1,1,12.0,2,1,3,3.0,0,4.0,1,3.0,1,4,0,1.0,1,21006.0,48.0
36.0,1,1,32.0,1,1,4,5.0,3,4.0,0,5.0,0,3,1,2.0,3,29581.0,96.0
51.0,1,3,32.0,3,0,3,3.0,4,3.0,0,3.0,0,3,0,1.0,0,31307.0,96.0
23.0,0,1,10.0,2,1,3,5.0,0,3.0,1,2.0,1,3,0,2.0,1,21531.0,30.0
40.0,1,3,8.0,3,0,2,3.0,1,4.0,1,1.0,0,2,0,1.0,2,20715.0,16.0
41.0,1,1,8.0,2,0,2,5.0,0,3.0,1,5.0,1,3,0,0.0,1,17778.0,24.0
43.0,0,1,12.0,2,1,4,4.0,0,3.0,0,6.0,0,3,1,1.0,1,20771.0,36.0
46.0,1,1,27.0,3,1,4,4.0,4,3.0,0,2.0,1,3,0,1.0,0,32174.0,81.0
34.0,0,1,28.0,2,1,2,4.0,1,3.0,1,2.0,1,1,1,0.0,2,20747.0,28.0
30.0,1,3,10.0,3,0,3,4.0,1,4.0,1,2.0,1,3,1,0.0,2,20209.0,30.0
44.0,0,1,30.0,2,1,2,3.0,0,3.0,1,4.0,1,5,0,1.0,1,18161.0,150.0
39.0,1,1,24.0,2,0,4,5.0,3,3.0,0,2.0,0,2,0,3.0,3,27501.0,48.0
51.0,1,1,9.0,1,0,2,3.0,3,3.0,1,3.0,0,4,1,1.0,3,28116.0,36.0
29.0,1,1,7.0,2,0,4,6.0,0,4.0,2,2.0,1,1,1,3.0,1,20894.0,7.0
32.0,0,1,10.0,3,1,4,4.0,3,3.0,1,2.0,0,4,1,3.0,3,32353.0,40.0
57.0,1,1,15.0,2,0,4,4.0,0,5.0,1,6.0,1,4,1,2.0,1,22935.0,60.0
28.0,1,3,19.0,3,0,2,3.0,1,3.0,3,4.0,1,5,1,1.0,2,24854.0,95.0
20.0,1,3,8.0,3,0,2,3.0,0,3.0,2,2.0,0,4,0,0.0,1,17783.0,32.0
34.0,1,1,28.0,3,1,4,2.0,0,4.0,1,3.0,0,1,1,2.0,1,20706.0,28.0
40.0,0,1,9.0,1,0,4,4.0,3,3.0,2,2.0,0,1,1,3.0,3,29616.0,9.0
27.0,1,1,9.0,3,1,3,2.0,1,3.0,0,3.0,0,3,1,2.0,2,24150.0,27.0
31.0,0,1,21.0,3,1,3,3.0,0,3.0,1,2.0,0,4,1,0.0,1,17610.0,84.0
44.0,1,1,9.0,2,1,2,3.0,2,3.0,0,5.0,1,2,1,0.0,4,34513.0,18.0
43.0,1,1,16.0,2,1,4,5.0,2,3.0,2,2.0,0,1,1,2.0,4,38291.0,16.0
37.0,1,1,10.0,2,1,2,3.0,0,3.0,0,1.0,1,5,1,1.0,1,17996.0,50.0
27.0,1,3,35.0,3,1,4,4.0,1,4.0,0,3.0,0,3,1,1.0,2,24950.0,105.0
31.0,0,1,15.0,3,1,2,4.0,0,5.0,2,1.0,1,3,0,1.0,1,17321.0,45.0
47.0,0,1,14.0,3,0,2,4.0,1,3.0,0,4.0,0,5,0,1.0,2,23936.0,70.0
32.0,1,1,11.0,3,0,4,2.0,0,3.0,1,2.0,0,5,1,3.0,1,22656.0,55.0
56.0,1,1,15.0,3,0,3,4.0,4,3.0,1,4.0,1,3,1,2.0,0,33434.0,45.0
46.0,1,3,9.0,2,1,4,4.0,1,4.0,0,2.0,0,5,1,1.0,2,23483.0,45.0
35.0,1,3,15.0,1,1,4,2.0,1,3.0,1,3.0,0,1,0,3.0,2,25477.0,15.0
32.0,1,3,9.0,2,1,4,4.0,1,3.0,3,6.0,1,5,1,2.0,2,25260.0,45.0
37.0,0,1,10.0,3,1,2,4.0,0,4.0,2,6.0,0,4,1,1.0,1,20766.0,40.0
33.0,1,3,11.0,2,0,3,4.0,0,4.0,1,4.0,0,3,1,2.0,1,22609.0,33.0
33.0,0,3,14.0,2,0,2,4.0,0,3.0,2,1.0,0,2,1,1.0,1,17342.0,28.0
34.0,1,3,6.0,1,1,3,4.0,3,3.0,0,2.0,1,1,1,1.0,3,22083.0,6.0
53.0,1,1,9.0,3,1,2,3.0,4,3.0,1,4.0,1,5,1,0.0,0,32584.0,45.0
28.0,1,1,9.0,2,0,3,4.0,1,3.0,1,2.0,0,5,1,1.0,2,22905.0,45.0
29.0,1,1,12.0,1,1,3,4.0,0,3.0,3,3.0,1,2,1,1.0,1,22119.0,24.0
36.0,1,1,12.0,2,0,2,1.0,0,3.0,1,4.0,0,1,0,0.0,1,18038.0,12.0
27.0,1,1,10.0,2,1,2,1.0,1,4.0,1,2.0,1,4,1,0.0,2,21142.0,40.0
39.0,1,1,17.0,3,0,4,4.0,1,3.0,0,5.0,0,3,1,3.0,2,28502.0,51.0
36.0,0,1,9.0,3,0,3,4.0,1,4.0,3,7.0,0,1,0,1.0,2,23103.0,9.0
20.0,1,1,10.0,3,0,4,4.0,0,4.0,2,3.0,0,3,1,3.0,1,20161.0,30.0
44.0,1,2,6.0,2,0,2,4.0,1,3.0,2,5.0,0,5,1,1.0,2,20985.0,30.0
42.0,0,2,14.0,2,0,3,4.0,0,3.0,1,7.0,0,5,1,1.0,1,32861.0,70.0
36.0,1,1,16.0,2,1,2,3.0,3,5.0,1,1.0,1,5,1,1.0,3,23321.0,80.0
21.0,0,3,24.0,3,0,3,3.0,1,3.0,1,1.0,1,5,0,1.0,2,17625.0,120.0
44.0,1,1,9.0,3,0,4,2.0,0,3.0,1,3.0,0,1,1,3.0,1,21323.0,9.0
28.0,1,3,9.0,3,1,3,4.0,0,5.0,1,2.0,0,5,1,2.0,1,21719.0,45.0
37.0,1,1,6.0,2,0,2,3.0,0,3.0,2,2.0,0,2,1,1.0,1,17115.0,12.0
35.0,0,3,24.0,2,1,3,3.0,3,5.0,0,2.0,0,4,1,0.0,3,24069.0,96.0
36.0,0,1,18.0,3,1,4,5.0,3,5.0,0,4.0,1,5,1,2.0,3,28562.0,90.0
34.0,1,1,16.0,2,1,2,3.0,0,4.0,1,2.0,0,1,1,1.0,1,17008.0,16.0
44.0,1,3,9.0,3,1,4,4.0,1,3.0,1,3.0,1,3,0,1.0,2,26525.0,27.0
26.0,1,2,31.0,2,0,3,3.0,0,3.0,0,2.0,0,4,1,0.0,1,17942.0,124.0
36.0,1,3,35.0,2,0,4,5.0,0,3.0,1,2.0,0,4,1,3.0,1,21108.0,140.0
46.0,1,3,8.0,3,0,2,3.0,2,5.0,2,4.0,0,2,0,1.0,4,33947.0,16.0
28.0,1,1,6.0,2,0,3,5.0,0,4.0,2,1.0,1,1,1,2.0,1,17216.0,6.0
49.0,0,3,8.0,3,1,3,4.0,1,4.0,1,3.0,0,3,1,2.0,2,20390.0,24.0
27.0,0,1,7.0,2,0,3,4.0,1,4.0,1,3.0,0,5,1,2.0,2,25075.0,35.0
30.0,1,3,17.0,3,1,3,4.0,0,4.0,1,3.0,0,2,0,2.0,1,20975.0,34.0
27.0,1,1,22.0,1,0,2,3.0,0,4.0,1,1.0,0,1,1,0.0,1,17811.0,22.0
35.0,0,1,29.0,2,1,3,5.0,1,3.0,1,3.0,1,1,1,1.0,2,24425.0,29.0
22.0,1,1,11.0,2,1,2,1.0,0,4.0,1,2.0,1,4,1,0.0,1,17328.0,44.0
35.0,1,1,27.0,1,0,3,2.0,0,3.0,0,2.0,0,1,1,1.0,1,21263.0,27.0
36.0,1,1,29.0,2,0,4,3.0,3,4.0,1,2.0,0,5,1,2.0,3,30674.0,145.0
58.0,0,1,21.0,2,1,2,3.0,4,3.0,1,3.0,1,1,1,0.0,0,30787.0,21.0
27.0,1,2,32.0,2,0,4,4.0,0,3.0,0,3.0,0,4,1,1.0,1,21620.0,128.0
33.0,1,1,9.0,3,1,3,4.0,1,4.0,1,2.0,0,4,0,2.0,2,24148.0,36.0
38.0,1,3,13.0,3,0,2,1.0,1,5.0,1,2.0,1,3,1,1.0,2,20605.0,39.0
28.0,1,3,9.0,3,0,3,2.0,1,3.0,3,2.0,0,1,0,2.0,2,25178.0,9.0
30.0,0,1,15.0,3,1,3,3.0,1,5.0,1,2.0,0,1,1,1.0,2,18072.0,15.0
54.0,1,1,23.0,1,0,2,3.0,3,3.0,0,1.0,0,5,1,0.0,3,25739.0,115.0
26.0,1,3,10.0,2,1,4,4.0,1,5.0,1,3.0,1,4,0,3.0,2,22872.0,40.0
18.0,0,3,11.0,3,1,3,3.0,0,4.0,2,2.0,1,4,1,2.0,1,16878.0,44.0
32.0,0,1,16.0,3,1,3,5.0,0,5.0,2,2.0,1,3,1,1.0,1,20999.0,48.0
27.0,1,3,7.0,2,1,3,4.0,1,3.0,0,3.0,0,5,1,1.0,2,23974.0,35.0
40.0,1,1,26.0,2,1,3,4.0,1,3.0,1,2.0,0,5,1,1.0,2,22580.0,130.0
29.0,1,2,23.0,2,1,2,4.0,3,5.0,3,2.0,0,3,0,0.0,3,22988.0,69.0
28.0,0,1,10.0,3,1,4,5.0,0,3.0,1,3.0,1,2,0,3.0,1,21244.0,20.0
31.0,1,1,29.0,2,0,3,4.0,0,3.0,1,6.0,1,1,0,1.0,1,20810.0,29.0
32.0,1,3,13.0,3,1,4,2.0,1,3.0,1,6.0,0,5,1,2.0,2,24138.0,65.0
38.0,1,3,17.0,2,0,3,5.0,1,3.0,1,4.0,1,4,1,2.0,2,25372.0,68.0
32.0,0,1,14.0,2,0,3,5.0,3,3.0,0,3.0,0,2,1,2.0,3,27621.0,28.0
45.0,1,1,26.0,3,1,3,3.0,4,3.0,1,1.0,1,3,1,1.0,0,28496.0,78.0
26.0,1,3,12.0,3,1,3,5.0,1,3.0,3,3.0,1,3,1,1.0,2,24422.0,36.0
34.0,0,3,17.0,3,1,3,5.0,1,3.0,3,5.0,0,3,1,1.0,2,23360.0,51.0
46.0,1,1,21.0,2,1,2,3.0,2,4.0,1,6.0,0,3,1,1.0,4,34081.0,63.0
36.0,1,3,6.0,2,0,3,3.0,1,3.0,3,7.0,0,1,1,1.0,2,21815.0,6.0
37.0,1,1,31.0,3,0,2,4.0,1,3.0,1,1.0,0,3,0,1.0,2,20731.0,93.0
29.0,0,3,7.0,1,1,4,4.0,0,3.0,0,5.0,0,3,1,1.0,1,21587.0,21.0
28.0,1,3,15.0,2,1,3,3.0,1,3.0,2,2.0,0,3,1,1.0,2,20253.0,45.0
38.0,1,3,17.0,2,0,3,5.0,1,3.0,1,4.0,1,4,0,1.0,2,25372.0,68.0
28.0,0,2,29.0,2,0,3,5.0,0,4.0,1,3.0,0,1,1,1.0,1,21541.0,29.0
42.0,1,2,16.0,2,0,2,3.0,4,5.0,0,1.0,0,3,0,1.0,0,31799.0,48.0
36.0,1,3,9.0,3,0,2,3.0,1,4.0,3,4.0,1,4,0,1.0,2,24278.0,36.0
50.0,0,1,26.0,3,1,2,3.0,4,3.0,1,3.0,1,4,1,1.0,0,26245.0,104.0
29.0,1,1,31.0,3,1,3,4.0,0,4.0,1,3.0,1,1,0,1.0,1,21086.0,31.0
45.0,0,3,7.0,3,0,4,4.0,1,3.0,0,2.0,0,4,1,2.0,2,23446.0,28.0
22.0,1,3,19.0,2,0,3,2.0,0,4.0,3,3.0,0,5,0,2.0,1,21394.0,95.0
28.0,1,1,11.0,2,0,4,4.0,0,3.0,2,3.0,0,2,1,2.0,1,20996.0,22.0
35.0,1,1,13.0,2,0,3,5.0,1,4.0,1,8.0,0,3,1,1.0,2,23183.0,39.0
54.0,1,1,31.0,3,1,3,2.0,3,3.0,1,5.0,0,3,0,2.0,3,25683.0,93.0
33.0,0,1,10.0,1,1,2,3.0,1,4.0,1,6.0,0,1,0,0.0,2,18055.0,10.0
42.0,1,3,7.0,3,1,3,3.0,3,5.0,0,3.0,0,3,1,2.0,3,27070.0,21.0
33.0,1,3,22.0,2,0,3,3.0,3,5.0,3,3.0,1,5,0,0.0,3,23564.0,110.0
60.0,1,2,13.0,3,1,3,4.0,0,3.0,1,2.0,0,4,0,1.0,1,20945.0,52.0
34.0,1,3,9.0,3,0,3,4.0,1,3.0,1,4.0,1,3,0,0.0,2,23103.0,27.0
23.0,1,3,8.0,1,1,3,3.0,0,5.0,1,4.0,0,3,1,2.0,1,17322.0,24.0
57.0,1,1,7.0,2,0,3,4.0,0,5.0,0,4.0,0,5,1,2.0,1,20744.0,35.0
32.0,0,1,9.0,2,1,4,4.0,0,3.0,0,8.0,1,3,1,2.0,1,22400.0,27.0
34.0,1,3,17.0,3,1,3,4.0,1,3.0,3,3.0,0,1,0,1.0,2,24165.0,17.0
46.0,1,1,9.0,2,0,4,5.0,0,3.0,2,3.0,0,3,1,1.0,1,20952.0,27.0
39.0,0,1,8.0,1,0,3,3.0,3,3.0,3,1.0,0,1,1,2.0,3,25938.0,8.0
25.0,1,3,10.0,2,0,3,4.0,1,3.0,1,2.0,0,4,0,1.0,2,23677.0,40.0
31.0,1,1,16.0,3,1,3,5.0,0,3.0,2,3.0,0,4,0,2.0,1,20884.0,64.0
20.0,1,1,5.0,2,1,2,4.0,0,3.0,2,2.0,0,3,0,0.0,1,18033.0,15.0
34.0,1,1,6.0,2,0,3,1.0,0,3.0,2,3.0,0,2,0,0.0,1,18280.0,12.0
34.0,1,3,6.0,3,1,2,3.0,3,3.0,3,2.0,0,5,1,0.0,3,24888.0,30.0
48.0,1,1,10.0,2,1,3,4.0,3,3.0,3,1.0,0,5,1,1.0,3,25999.0,50.0
30.0,1,1,8.0,3,0,2,4.0,1,3.0,3,6.0,1,1,1,1.0,2,21877.0,8.0
50.0,1,1,8.0,3,1,3,3.0,4,3.0,0,6.0,0,2,0,1.0,0,32639.0,16.0
36.0,0,3,25.0,3,0,4,4.0,1,3.0,0,2.0,1,5,1,3.0,2,23292.0,125.0
32.0,1,1,11.0,2,1,3,2.0,0,4.0,1,1.0,1,2,1,0.0,1,18298.0,22.0
42.0,0,3,18.0,2,1,2,3.0,4,5.0,2,1.0,1,5,1,1.0,0,28758.0,90.0
32.0,1,3,13.0,2,1,4,6.0,1,3.0,1,6.0,1,3,0,3.0,2,24850.0,39.0
35.0,0,1,10.0,2,1,2,4.0,0,3.0,0,2.0,0,2,1,0.0,1,17376.0,20.0
31.0,1,3,15.0,2,1,4,4.0,3,3.0,1,7.0,0,3,1,1.0,3,25942.0,45.0
30.0,1,1,34.0,3,0,4,4.0,1,3.0,1,6.0,0,1,0,2.0,2,23013.0,34.0
51.0,1,1,16.0,2,1,4,4.0,0,3.0,0,6.0,0,5,1,1.0,1,21058.0,80.0
37.0,1,1,11.0,2,1,3,5.0,1,3.0,3,3.0,0,5,1,2.0,2,24488.0,55.0
55.0,1,3,8.0,3,1,2,3.0,1,3.0,2,5.0,0,2,0,1.0,2,20160.0,16.0
45.0,1,2,7.0,2,0,3,5.0,1,3.0,3,6.0,0,5,1,2.0,2,24663.0,35.0
54.0,1,1,25.0,3,0,3,3.0,1,5.0,1,1.0,1,3,0,0.0,2,20485.0,75.0
41.0,1,1,12.0,3,1,3,4.0,1,4.0,2,7.0,1,3,1,0.0,2,21032.0,36.0
25.0,1,1,25.0,2,1,3,4.0,0,3.0,0,2.0,0,4,1,1.0,1,21452.0,100.0
49.0,1,1,7.0,2,1,4,5.0,3,3.0,3,2.0,1,5,0,1.0,3,24059.0,35.0
55.0,1,1,14.0,3,0,4,4.0,1,3.0,1,6.0,0,3,1,2.0,2,25532.0,42.0
30.0,1,1,30.0,2,1,3,3.0,0,3.0,1,2.0,0,2,0,1.0,1,17693.0,60.0
34.0,1,3,14.0,2,0,3,3.0,1,5.0,0,6.0,0,2,1,0.0,2,21500.0,28.0
34.0,0,1,11.0,1,1,3,4.0,1,4.0,1,7.0,0,1,0,1.0,2,21733.0,11.0
54.0,1,3,14.0,3,0,4,5.0,3,3.0,1,2.0,1,1,0,2.0,3,29612.0,14.0
33.0,1,1,20.0,3,0,3,3.0,0,4.0,1,2.0,0,5,1,1.0,1,17756.0,100.0
43.0,1,1,25.0,2,1,3,4.0,1,5.0,1,8.0,1,1,0,1.0,2,24088.0,25.0
49.0,1,1,12.0,2,0,2,4.0,4,3.0,1,3.0,1,5,1,0.0,0,28966.0,60.0
30.0,0,1,10.0,1,1,2,3.0,0,3.0,2,19.0,1,4,1,1.0,1,17285.0,40.0
36.0,1,1,12.0,2,1,2,5.0,0,3.0,1,2.0,0,1,1,0.0,1,17741.0,12.0
38.0,0,3,26.0,3,1,3,4.0,3,4.0,3,3.0,1,5,0,1.0,3,26320.0,130.0
27.0,1,1,10.0,2,0,3,3.0,0,3.0,2,2.0,0,2,1,1.0,1,17318.0,20.0
31.0,0,1,11.0,1,1,3,4.0,0,3.0,2,2.0,1,4,1,1.0,1,20963.0,44.0
34.0,1,1,16.0,3,1,2,3.0,1,5.0,2,2.0,0,4,0,0.0,2,21125.0,64.0
20.0,1,3,27.0,3,1,2,1.0,0,3.0,2,2.0,0,3,0,0.0,1,17678.0,81.0
35.0,0,1,8.0,3,1,4,5.0,1,5.0,3,2.0,0,1,0,1.0,2,24021.0,8.0
31.0,1,3,36.0,2,1,4,4.0,1,5.0,1,2.0,0,1,1,1.0,2,22793.0,36.0
26.0,1,3,26.0,3,1,3,5.0,0,4.0,1,3.0,1,1,0,2.0,1,21091.0,26.0
32.0,1,1,18.0,3,1,4,4.0,1,5.0,0,3.0,1,2,0,3.0,2,25511.0,36.0
52.0,0,3,8.0,2,1,3,4.0,2,3.0,2,2.0,1,2,1,2.0,4,34068.0,16.0
35.0,1,1,16.0,2,1,3,4.0,3,3.0,1,2.0,0,5,1,2.0,3,27178.0,80.0
37.0,0,1,15.0,3,1,2,3.0,0,3.0,1,2.0,1,1,0,1.0,1,17326.0,15.0
40.0,1,1,26.0,1,1,3,3.0,3,3.0,1,5.0,0,3,1,1.0,3,25322.0,78.0
33.0,1,1,21.0,3,1,2,3.0,3,3.0,1,1.0,1,5,1,0.0,3,28610.0,105.0
39.0,0,1,13.0,3,1,2,4.0,2,3.0,1,2.0,0,5,1,0.0,4,34272.0,65.0
32.0,1,3,12.0,1,1,3,4.0,1,3.0,1,3.0,0,5,0,2.0,2,27024.0,60.0
58.0,1,1,8.0,2,1,2,3.0,2,4.0,2,1.0,1,3,1,0.0,4,34246.0,24.0
48.0,1,1,6.0,2,1,3,4.0,2,3.0,2,7.0,0,3,1,0.0,4,33265.0,18.0
22.0,0,1,9.0,2,1,2,4.0,0,3.0,0,1.0,1,3,0,0.0,1,17853.0,27.0
43.0,0,1,30.0,2,1,3,5.0,1,3.0,3,3.0,0,3,1,2.0,2,23010.0,90.0
45.0,1,1,15.0,2,1,4,2.0,0,3.0,0,4.0,1,3,1,3.0,1,21496.0,45.0
48.0,0,3,16.0,2,1,3,6.0,4,3.0,1,2.0,0,5,1,2.0,0,31614.0,80.0
45.0,1,1,10.0,2,1,3,4.0,0,5.0,0,6.0,0,5,1,2.0,1,21040.0,50.0
30.0,1,1,28.0,2,0,2,3.0,0,3.0,1,5.0,1,1,0,0.0,1,17132.0,28.0
45.0,1,1,6.0,3,0,3,3.0,0,3.0,1,4.0,0,5,1,0.0,1,17270.0,30.0
43.0,0,3,8.0,2,1,3,3.0,1,3.0,1,2.0,0,3,1,2.0,2,20675.0,24.0
36.0,0,1,9.0,3,1,4,5.0,0,3.0,3,2.0,1,3,1,1.0,1,23608.0,27.0
37.0,1,3,20.0,3,1,4,5.0,1,5.0,1,7.0,1,1,1,1.0,2,24812.0,20.0
39.0,1,1,12.0,2,0,2,3.0,3,4.0,3,5.0,0,3,0,1.0,3,23376.0,36.0
36.0,0,1,30.0,2,0,2,3.0,1,4.0,1,1.0,0,3,1,1.0,2,20674.0,90.0
30.0,1,1,8.0,2,1,3,3.0,0,4.0,3,2.0,0,3,0,0.0,1,26916.0,24.0
37.0,1,1,13.0,2,1,3,6.0,0,3.0,1,3.0,0,2,0,1.0,1,21419.0,26.0
61.0,1,1,7.0,3,1,4,6.0,3,3.0,1,5.0,0,5,0,1.0,3,29561.0,35.0
28.0,0,1,17.0,2,1,3,4.0,3,5.0,1,3.0,0,3,0,2.0,3,27471.0,51.0
21.0,0,3,16.0,3,0,3,4.0,0,3.0,2,3.0,1,4,0,1.0,1,21001.0,64.0
48.0,1,3,8.0,3,1,2,1.0,1,4.0,1,4.0,0,3,0,1.0,2,23120.0,24.0
39.0,1,1,19.0,3,0,3,4.0,4,4.0,1,7.0,1,3,1,2.0,0,32123.0,57.0
46.0,1,1,6.0,3,1,2,3.0,2,3.0,1,1.0,0,5,1,0.0,4,34627.0,30.0
27.0,0,1,9.0,3,1,3,4.0,0,3.0,1,2.0,1,2,0,2.0,1,17566.0,18.0
33.0,0,1,9.0,2,1,4,4.0,0,3.0,3,2.0,0,3,1,2.0,1,21746.0,27.0
42.0,0,1,14.0,2,1,3,3.0,2,3.0,1,2.0,0,5,0,1.0,4,33430.0,70.0
21.0,1,1,24.0,2,0,3,3.0,0,3.0,2,2.0,0,3,1,1.0,1,17693.0,72.0
48.0,1,3,21.0,3,0,4,4.0,1,3.0,0,5.0,1,5,1,1.0,2,23269.0,105.0
29.0,1,1,22.0,2,1,3,4.0,0,3.0,1,3.0,0,4,1,2.0,1,20885.0,88.0
44.0,1,1,16.0,2,1,2,3.0,1,3.0,0,3.0,1,3,1,1.0,2,21465.0,48.0
48.0,1,1,26.0,3,1,2,3.0,0,3.0,1,5.0,0,1,1,0.0,1,17259.0,26.0
32.0,0,1,6.0,2,1,3,3.0,0,3.0,1,1.0,0,5,1,0.0,1,17314.0,30.0
21.0,1,1,11.0,3,1,3,3.0,0,3.0,2,2.0,0,1,1,1.0,1,18117.0,11.0
21.0,1,3,28.0,3,1,3,2.0,0,3.0,3,3.0,0,3,0,1.0,1,21356.0,84.0
37.0,0,1,30.0,3,1,3,2.0,1,3.0,1,6.0,0,3,0,1.0,2,21249.0,90.0
45.0,1,1,17.0,2,1,3,4.0,1,3.0,0,4.0,1,3,1,2.0,2,25143.0,51.0
29.0,1,1,22.0,2,1,3,4.0,0,3.0,1,3.0,0,4,0,1.0,1,20885.0,88.0
60.0,1,1,10.0,2,1,4,5.0,0,3.0,0,5.0,0,3,0,2.0,1,20855.0,30.0
31.0,0,3,32.0,3,1,3,3.0,1,3.0,1,2.0,1,3,0,1.0,2,20617.0,96.0
31.0,0,1,9.0,3,1,2,3.0,0,5.0,1,2.0,1,1,0,0.0,1,18065.0,9.0
39.0,1,3,17.0,2,0,4,4.0,1,3.0,1,3.0,0,4,0,3.0,2,24021.0,68.0
32.0,1,1,15.0,2,0,3,3.0,1,3.0,1,2.0,1,5,1,2.0,2,21322.0,75.0
55.0,1,3,10.0,3,0,3,4.0,1,5.0,1,4.0,0,4,1,1.0,2,24618.0,40.0
32.0,1,1,6.0,3,1,2,3.0,1,3.0,1,2.0,1,4,1,1.0,2,21162.0,24.0
36.0,1,1,16.0,2,0,4,5.0,3,3.0,1,3.0,1,4,1,3.0,3,29363.0,64.0
36.0,1,1,30.0,3,0,2,4.0,0,5.0,0,5.0,1,4,1,1.0,1,22692.0,120.0
38.0,0,1,13.0,2,1,2,1.0,0,3.0,1,2.0,0,3,0,0.0,1,17610.0,39.0
32.0,1,3,15.0,2,1,3,4.0,3,3.0,1,3.0,0,3,1,1.0,3,29471.0,45.0
30.0,1,3,12.0,3,1,3,5.0,1,4.0,1,3.0,1,5,0,1.0,2,22865.0,60.0
29.0,0,1,9.0,2,1,3,5.0,0,3.0,0,3.0,1,4,1,1.0,1,22545.0,36.0
36.0,1,1,6.0,2,0,2,3.0,1,4.0,0,1.0,0,5,0,0.0,2,20228.0,30.0
28.0,1,1,12.0,1,1,3,5.0,3,3.0,1,3.0,1,3,1,2.0,3,31486.0,36.0
27.0,1,1,10.0,2,0,3,3.0,0,3.0,2,2.0,0,1,0,0.0,1,17318.0,10.0
49.0,0,1,14.0,2,1,3,4.0,1,4.0,1,2.0,0,1,0,0.0,2,20130.0,14.0
41.0,1,3,33.0,3,1,4,4.0,1,5.0,1,3.0,0,1,1,3.0,2,27074.0,33.0
34.0,0,3,8.0,3,0,3,3.0,0,3.0,1,7.0,0,5,0,0.0,1,17231.0,40.0
37.0,0,3,10.0,3,1,2,3.0,0,3.0,1,5.0,0,4,1,0.0,1,17177.0,40.0
28.0,1,1,8.0,2,1,3,4.0,0,4.0,1,1.0,0,1,0,2.0,1,18201.0,8.0
43.0,0,1,9.0,3,1,3,4.0,0,3.0,2,7.0,1,1,1,2.0,1,21193.0,9.0
36.0,1,1,8.0,2,0,3,3.0,1,4.0,1,5.0,1,4,0,0.0,2,21962.0,32.0
49.0,1,1,7.0,2,0,3,5.0,4,5.0,1,2.0,0,4,0,1.0,0,34080.0,28.0
41.0,1,1,6.0,2,1,3,3.0,0,3.0,1,4.0,0,1,0,0.0,1,17782.0,6.0
50.0,1,1,15.0,2,0,3,4.0,3,4.0,1,6.0,0,4,0,2.0,3,26081.0,60.0
26.0,0,1,12.0,2,1,3,2.0,1,5.0,1,3.0,0,5,1,2.0,2,22678.0,60.0
32.0,1,2,29.0,2,1,3,6.0,0,3.0,1,3.0,0,1,0,2.0,1,28530.0,29.0
35.0,1,1,22.0,2,1,3,3.0,3,3.0,1,5.0,1,1,0,0.0,3,22632.0,22.0
42.0,0,1,11.0,2,1,3,3.0,0,3.0,0,5.0,0,3,1,0.0,1,17093.0,33.0
50.0,0,1,8.0,2,1,3,3.0,4,5.0,1,2.0,0,5,1,1.0,0,32924.0,40.0
40.0,0,1,9.0,2,1,3,4.0,4,3.0,1,2.0,0,3,1,1.0,0,30847.0,27.0
35.0,1,3,35.0,3,0,4,5.0,1,3.0,1,3.0,0,5,1,1.0,2,25390.0,175.0
19.0,1,1,8.0,2,1,2,4.0,0,3.0,2,2.0,0,5,1,0.0,1,16102.0,40.0
55.0,1,1,6.0,3,1,2,1.0,4,3.0,1,3.0,0,5,1,0.0,0,29732.0,30.0
19.0,0,3,6.0,1,0,3,5.0,0,5.0,2,1.0,0,3,1,1.0,1,17325.0,18.0
49.0,1,1,11.0,2,1,3,4.0,3,3.0,3,3.0,0,5,1,2.0,3,26576.0,55.0
48.0,0,1,23.0,3,1,4,2.0,1,3.0,1,3.0,1,2,0,1.0,2,23745.0,46.0
38.0,1,1,7.0,2,0,3,4.0,0,3.0,2,3.0,0,1,1,1.0,1,20793.0,7.0
27.0,1,1,13.0,2,0,3,5.0,0,4.0,0,3.0,0,3,1,1.0,1,21046.0,39.0
56.0,1,1,13.0,2,1,2,5.0,3,3.0,3,5.0,0,1,0,0.0,3,22260.0,13.0
40.0,1,1,6.0,2,1,3,3.0,4,5.0,1,3.0,0,3,1,2.0,0,31823.0,18.0
41.0,1,3,32.0,3,1,3,5.0,3,4.0,3,4.0,1,5,0,2.0,3,27772.0,160.0
27.0,1,1,30.0,2,0,3,4.0,0,3.0,1,3.0,0,3,0,1.0,1,21564.0,90.0
55.0,1,1,9.0,1,0,3,4.0,3,3.0,1,2.0,0,4,0,1.0,3,32227.0,36.0
28.0,0,1,30.0,1,1,3,4.0,3,5.0,3,2.0,0,2,0,0.0,3,23722.0,60.0
34.0,1,3,23.0,3,0,4,4.0,1,5.0,3,7.0,0,3,1,1.0,2,24002.0,69.0
20.0,0,1,12.0,2,0,3,4.0,0,3.0,2,2.0,1,2,1,1.0,1,17926.0,24.0
34.0,1,1,21.0,3,0,4,4.0,0,4.0,0,3.0,0,5,0,1.0,1,21434.0,105.0
22.0,1,3,14.0,3,1,3,4.0,0,4.0,3,3.0,0,5,1,2.0,1,21357.0,70.0
34.0,1,3,9.0,3,1,4,4.0,1,3.0,1,3.0,0,3,1,2.0,2,24183.0,27.0
23.0,1,1,32.0,2,1,2,3.0,0,3.0,1,2.0,0,1,0,1.0,1,17904.0,32.0
49.0,0,1,7.0,3,1,3,2.0,4,3.0,2,4.0,0,2,0,1.0,0,35563.0,14.0
37.0,0,2,9.0,2,1,4,5.0,1,3.0,3,3.0,0,3,1,1.0,2,22564.0,27.0
38.0,0,2,8.0,2,1,3,3.0,0,4.0,1,6.0,0,3,1,2.0,1,17592.0,24.0
45.0,1,1,14.0,3,0,3,5.0,3,3.0,0,5.0,0,4,1,1.0,3,28926.0,56.0
46.0,1,1,8.0,1,1,2,3.0,1,3.0,1,3.0,0,1,0,0.0,2,22379.0,8.0
47.0,0,3,9.0,3,0,2,3.0,4,3.0,1,1.0,1,5,1,0.0,0,28770.0,45.0
32.0,1,1,8.0,3,0,3,3.0,0,4.0,0,2.0,0,4,0,0.0,1,17370.0,32.0
48.0,0,1,23.0,3,1,4,2.0,1,3.0,1,3.0,1,1,1,1.0,2,23745.0,23.0
20.0,1,1,6.0,2,0,2,4.0,0,4.0,2,2.0,0,4,1,0.0,1,17836.0,24.0
36.0,0,1,32.0,2,0,4,4.0,0,4.0,1,3.0,1,3,1,2.0,1,20700.0,96.0
33.0,1,3,14.0,3,1,2,3.0,1,3.0,1,1.0,0,1,0,0.0,2,22104.0,14.0
40.0,1,1,8.0,3,0,2,1.0,1,3.0,1,6.0,0,3,1,0.0,2,21377.0,24.0
42.0,1,1,8.0,3,1,2,3.0,4,5.0,1,1.0,0,3,1,0.0,0,32665.0,24.0
33.0,0,3,8.0,3,0,3,3.0,1,4.0,2,1.0,0,1,0,0.0,2,20147.0,8.0
31.0,1,3,13.0,3,1,3,3.0,1,3.0,1,5.0,0,1,0,0.0,2,22547.0,13.0
27.0,0,3,26.0,2,0,2,3.0,1,3.0,3,2.0,0,2,1,1.0,2,24981.0,52.0
35.0,1,1,6.0,3,0,2,4.0,1,3.0,0,1.0,0,1,1,1.0,2,20363.0,6.0
41.0,1,1,31.0,1,1,4,4.0,1,3.0,1,3.0,0,3,1,2.0,2,21997.0,93.0
42.0,1,1,13.0,3,0,3,1.0,1,4.0,0,7.0,1,1,0,0.0,2,17372.0,13.0
40.0,1,1,16.0,2,0,2,2.0,0,3.0,0,4.0,1,3,0,1.0,1,17213.0,48.0
52.0,1,3,11.0,2,1,3,3.0,3,4.0,3,1.0,1,4,1,1.0,3,23446.0,44.0
47.0,1,3,7.0,3,0,4,4.0,3,5.0,1,3.0,0,1,1,3.0,3,29131.0,7.0
44.0,0,1,7.0,2,0,3,4.0,1,3.0,1,6.0,0,1,1,2.0,2,24240.0,7.0
27.0,1,3,30.0,3,0,3,5.0,1,3.0,1,2.0,1,1,0,1.0,2,22835.0,30.0
32.0,1,1,19.0,3,0,4,4.0,0,3.0,1,2.0,1,4,1,2.0,1,22607.0,76.0
39.0,1,3,7.0,2,0,3,5.0,1,3.0,3,6.0,0,2,1,2.0,2,27364.0,14.0
32.0,0,1,8.0,2,1,3,3.0,0,3.0,2,1.0,0,3,1,1.0,1,18068.0,24.0
27.0,1,1,20.0,2,1,2,3.0,0,5.0,1,2.0,1,4,1,0.0,1,17235.0,80.0
45.0,1,3,7.0,3,0,4,4.0,1,5.0,1,7.0,1,1,1,2.0,2,24132.0,7.0
31.0,1,3,12.0,2,0,3,4.0,3,3.0,0,4.0,0,4,1,2.0,3,28097.0,48.0
51.0,0,1,14.0,2,1,2,5.0,3,3.0,3,3.0,0,2,0,1.0,3,25650.0,28.0
21.0,1,3,18.0,2,0,2,2.0,0,4.0,2,2.0,0,5,0,1.0,1,17716.0,90.0
25.0,1,3,10.0,2,0,3,4.0,1,3.0,0,2.0,0,4,1,1.0,2,23677.0,40.0
34.0,1,3,15.0,3,1,3,4.0,1,3.0,1,2.0,0,2,1,2.0,2,25782.0,30.0
52.0,1,1,17.0,2,0,2,3.0,1,3.0,0,1.0,0,2,1,1.0,2,18149.0,34.0
36.0,1,3,7.0,3,1,4,4.0,3,4.0,0,3.0,0,4,1,3.0,3,25973.0,28.0
30.0,1,1,34.0,3,0,3,3.0,1,3.0,0,2.0,0,3,0,2.0,2,20775.0,102.0
50.0,0,3,18.0,3,0,3,3.0,3,3.0,3,5.0,0,5,1,2.0,3,24208.0,90.0
54.0,1,3,13.0,3,1,3,4.0,1,3.0,0,4.0,1,5,0,1.0,2,20984.0,65.0
31.0,0,1,16.0,3,1,4,4.0,1,5.0,1,3.0,0,2,0,2.0,2,21750.0,32.0
41.0,1,3,15.0,2,1,3,3.0,3,3.0,1,4.0,1,2,0,1.0,3,23189.0,30.0
34.0,1,1,15.0,2,1,3,2.0,0,5.0,1,8.0,0,3,1,2.0,1,21821.0,45.0
18.0,0,1,14.0,3,1,3,3.0,0,3.0,2,2.0,0,5,0,0.0,1,16904.0,70.0
30.0,0,1,7.0,1,1,3,4.0,1,3.0,1,3.0,0,3,0,1.0,2,22997.0,21.0
48.0,1,1,6.0,2,0,2,4.0,4,5.0,1,1.0,0,4,0,0.0,0,30402.0,24.0
52.0,1,1,10.0,2,0,1,3.0,4,3.0,1,3.0,0,5,1,0.0,0,31555.0,50.0
57.0,0,1,16.0,3,0,4,4.0,0,3.0,1,4.0,0,1,1,1.0,1,21620.0,16.0
53.0,1,3,12.0,3,1,2,3.0,1,3.0,0,3.0,1,5,0,0.0,2,17306.0,60.0
38.0,0,1,35.0,2,0,2,3.0,1,3.0,2,2.0,0,3,1,0.0,2,17406.0,105.0
46.0,0,1,30.0,2,1,3,4.0,1,5.0,1,3.0,1,1,1,1.0,2,22311.0,30.0
38.0,0,1,16.0,3,1,3,3.0,0,3.0,1,1.0,0,5,0,0.0,1,17684.0,80.0
33.0,0,1,7.0,2,0,4,5.0,0,4.0,0,8.0,0,3,1,1.0,1,21010.0,21.0
45.0,0,1,30.0,3,1,4,4.0,1,4.0,1,6.0,0,3,0,2.0,2,20720.0,90.0
44.0,1,1,15.0,2,0,4,4.0,1,3.0,1,6.0,1,1,1,1.0,2,23200.0,15.0
41.0,1,3,6.0,2,0,3,3.0,1,3.0,2,1.0,1,2,1,0.0,2,20993.0,12.0
34.0,0,3,15.0,2,0,3,5.0,0,3.0,2,2.0,0,1,0,2.0,1,21020.0,15.0
39.0,0,1,15.0,2,1,2,3.0,2,3.0,2,3.0,0,4,0,1.0,4,34431.0,60.0
60.0,1,3,32.0,2,0,5,4.0,3,5.0,3,2.0,0,3,1,2.0,3,26315.0,96.0
32.0,1,1,10.0,2,0,3,4.0,1,3.0,1,2.0,0,4,1,1.0,2,21162.0,40.0
39.0,0,1,31.0,2,1,3,3.0,3,3.0,0,4.0,0,1,0,0.0,3,25920.0,31.0
51.0,1,1,13.0,3,1,2,4.0,1,3.0,1,3.0,0,3,1,1.0,2,21132.0,39.0
30.0,1,3,17.0,2,1,4,4.0,0,3.0,3,3.0,0,4,1,1.0,1,21320.0,68.0
55.0,1,3,15.0,3,0,2,5.0,0,4.0,2,2.0,0,1,1,1.0,1,34187.0,15.0
32.0,0,1,19.0,2,0,3,4.0,0,4.0,1,2.0,0,5,1,0.0,1,17743.0,95.0
29.0,1,1,8.0,1,1,4,5.0,0,5.0,2,8.0,0,3,1,2.0,1,20758.0,24.0
34.0,1,3,8.0,2,1,2,3.0,1,3.0,2,2.0,0,5,0,1.0,2,21274.0,40.0
27.0,0,3,7.0,3,1,3,5.0,1,5.0,3,3.0,0,3,1,2.0,2,22972.0,21.0
54.0,1,3,8.0,2,0,2,4.0,3,3.0,0,7.0,0,5,1,0.0,3,25686.0,40.0
